       Step     Time          Energy          fmax
MDMin:    0 12:28:37      109.254772       68.294429
MDMin:    1 12:28:37       78.942422       19.169342
MDMin:    2 12:28:37       54.870986        6.936236
MDMin:    3 12:28:37       39.933793        5.582043
MDMin:    4 12:28:37       34.507808        3.575013
MDMin:    5 12:28:37       30.344260        3.076603
MDMin:    6 12:28:37       27.675802        2.716844
MDMin:    7 12:28:37       25.673885        2.412147
MDMin:    8 12:28:37       24.062178        2.153789
MDMin:    9 12:28:37       22.708258        1.937487
MDMin:   10 12:28:37       21.538077        1.758064
MDMin:   11 12:28:37       20.509464        1.609225
MDMin:   12 12:28:37       19.597054        1.484302
MDMin:   13 12:28:37       18.784658        1.398311
MDMin:   14 12:28:37       18.069210        1.377255
MDMin:   15 12:28:37       17.458872        1.358799
MDMin:   16 12:28:37       16.934556        1.341258
MDMin:   17 12:28:37       16.480611        1.323723
MDMin:   18 12:28:37       16.081127        1.305586
MDMin:   19 12:28:37       15.723499        1.286580
MDMin:   20 12:28:37       15.399903        1.266726
MDMin:   21 12:28:37       15.105490        1.246133
MDMin:   22 12:28:37       14.836774        1.224873
MDMin:   23 12:28:37       14.590870        1.202957
MDMin:   24 12:28:37       14.364843        1.180323
MDMin:   25 12:28:37       14.155319        1.156835
MDMin:   26 12:28:37       13.958763        1.132317
MDMin:   27 12:28:37       13.772210        1.106597
MDMin:   28 12:28:37       13.593759        1.079545
MDMin:   29 12:28:37       13.422583        1.051061
MDMin:   30 12:28:37       13.258929        1.021069
MDMin:   31 12:28:37       13.104256        0.989517
       Step     Time          Energy          fmax
MDMin:    0 12:49:47        6.630142        3.832185
MDMin:    1 12:49:47        5.473322        2.410067
MDMin:    2 12:49:47        3.924554        1.481064
MDMin:    3 12:49:47        3.110397        1.232556
MDMin:    4 12:49:47        2.693519        1.092080
MDMin:    5 12:49:47        2.458316        1.016705
MDMin:    6 12:49:47        2.339611        1.005039
MDMin:    7 12:49:47        2.296050        0.995873
       Step     Time          Energy          fmax
MDMin:    0 12:57:07      127.750958       52.959861
MDMin:    1 12:57:07       87.754312       19.955775
MDMin:    2 12:57:07       59.518716       10.048676
MDMin:    3 12:57:07       45.421287        4.551938
MDMin:    4 12:57:07       41.612245        4.942807
MDMin:    5 12:57:07       35.738882        4.751706
MDMin:    6 12:57:07       30.256398        3.615684
MDMin:    7 12:57:07       24.941013        4.039981
MDMin:    8 12:57:07       20.229732        3.295531
MDMin:    9 12:57:07       16.722283        2.680103
MDMin:   10 12:57:07       13.981401        2.160231
MDMin:   11 12:57:07       11.786008        1.888540
MDMin:   12 12:57:07       10.136370        1.787932
MDMin:   13 12:57:07        8.944106        1.680742
MDMin:   14 12:57:07        8.040943        1.569530
MDMin:   15 12:57:07        7.342091        1.455270
MDMin:   16 12:57:07        6.796820        1.339162
MDMin:   17 12:57:07        6.368665        1.223240
MDMin:   18 12:57:07        6.028523        1.114946
MDMin:   19 12:57:07        5.755447        1.074265
MDMin:   20 12:57:07        5.546646        1.028577
MDMin:   21 12:57:07        5.384897        0.977475
       Step     Time          Energy          fmax
MDMin:    0 13:01:30      107.082443       22.842581
MDMin:    1 13:01:30       74.652567        9.459755
MDMin:    2 13:01:30       51.875078        5.187115
MDMin:    3 13:01:30       38.170049        3.645381
MDMin:    4 13:01:30       30.429814        2.859161
MDMin:    5 13:01:30       25.803594        2.193219
MDMin:    6 13:01:30       22.863975        1.757364
MDMin:    7 13:01:30       20.834098        1.491588
MDMin:    8 13:01:30       19.324069        1.310173
MDMin:    9 13:01:30       18.166819        1.211448
MDMin:   10 13:01:30       17.287500        1.181693
MDMin:   11 13:01:30       16.600628        1.150710
MDMin:   12 13:01:30       16.000866        1.116541
MDMin:   13 13:01:30       15.428430        1.078795
MDMin:   14 13:01:30       14.854335        1.038312
MDMin:   15 13:01:30       14.268740        1.025233
MDMin:   16 13:01:30       13.692632        1.012979
MDMin:   17 13:01:30       13.139823        0.974079
       Step     Time          Energy          fmax
MDMin:    0 13:18:17       25.579549       26.433472
MDMin:    1 13:18:17       14.502444        8.536754
MDMin:    2 13:18:17        8.591032        3.582569
MDMin:    3 13:18:17        7.884374        1.655576
MDMin:    4 13:18:17        7.495751        2.204532
MDMin:    5 13:18:17        6.969625        2.418892
MDMin:    6 13:18:17        5.965480        2.090958
MDMin:    7 13:18:17        5.047553        1.448781
MDMin:    8 13:18:17        4.246452        1.092120
MDMin:    9 13:18:17        3.620768        1.087809
MDMin:   10 13:18:17        3.190636        1.081076
MDMin:   11 13:18:17        2.849612        1.074239
MDMin:   12 13:18:17        2.562631        1.068128
MDMin:   13 13:18:17        2.316272        1.062245
MDMin:   14 13:18:17        2.102909        1.055857
MDMin:   15 13:18:17        1.917093        1.048379
MDMin:   16 13:18:17        1.754500        1.039542
MDMin:   17 13:18:17        1.611586        1.029424
MDMin:   18 13:18:17        1.485428        1.018362
MDMin:   19 13:18:17        1.373618        1.006826
MDMin:   20 13:18:17        1.274170        0.995316
       Step     Time          Energy          fmax
MDMin:    0 13:24:20       75.646273       36.804543
MDMin:    1 13:24:20       50.252735       13.056335
MDMin:    2 13:24:20       34.264901        6.196175
MDMin:    3 13:24:20       25.897334        2.717062
MDMin:    4 13:24:20       23.733802        3.176681
MDMin:    5 13:24:20       20.771241        2.906601
MDMin:    6 13:24:20       17.046201        2.638683
MDMin:    7 13:24:20       13.899903        1.764490
MDMin:    8 13:24:20       11.061262        1.429137
MDMin:    9 13:24:20        8.620172        1.126714
MDMin:   10 13:24:20        6.920200        1.018357
MDMin:   11 13:24:20        5.764287        1.065530
MDMin:   12 13:24:20        4.996663        1.087955
MDMin:   13 13:24:20        4.433584        1.099840
MDMin:   14 13:24:20        3.995453        1.107703
MDMin:   15 13:24:20        3.640919        1.112831
MDMin:   16 13:24:20        3.345665        1.112999
MDMin:   17 13:24:20        3.093945        1.106438
MDMin:   18 13:24:20        2.875115        1.094386
MDMin:   19 13:24:20        2.682054        1.079355
MDMin:   20 13:24:20        2.509982        1.063230
MDMin:   21 13:24:21        2.355553        1.047134
MDMin:   22 13:24:21        2.216303        1.031781
MDMin:   23 13:24:21        2.090345        1.017641
MDMin:   24 13:24:21        1.976191        1.004970
MDMin:   25 13:24:21        1.872624        0.993809
       Step     Time          Energy          fmax
MDMin:    0 13:30:07       95.770453       50.247474
MDMin:    1 13:30:07       67.601374       18.971471
MDMin:    2 13:30:07       46.620127       10.888205
MDMin:    3 13:30:07       35.948371        6.581238
MDMin:    4 13:30:07       33.033160        2.861115
MDMin:    5 13:30:07       28.862408        4.430731
MDMin:    6 13:30:07       24.116663        3.458582
MDMin:    7 13:30:07       19.884160        2.522909
MDMin:    8 13:30:07       17.189890        2.739675
MDMin:    9 13:30:07       15.364455        2.614706
MDMin:   10 13:30:07       13.854268        2.549385
MDMin:   11 13:30:07       12.603674        2.517868
MDMin:   12 13:30:07       11.581785        2.504340
MDMin:   13 13:30:07       10.735960        2.492523
MDMin:   14 13:30:07       10.056488        2.510172
MDMin:   15 13:30:07        9.518230        2.510188
MDMin:   16 13:30:07        9.091370        2.459379
MDMin:   17 13:30:07        8.747698        2.352180
MDMin:   18 13:30:07        8.468454        2.194406
MDMin:   19 13:30:07        8.244355        1.998644
MDMin:   20 13:30:07        8.072956        1.780827
MDMin:   21 13:30:07        7.956013        1.558382
MDMin:   22 13:30:07        7.897073        1.351635
MDMin:   23 13:30:07        7.895663        1.306964
MDMin:   24 13:30:07        7.931119        1.261451
MDMin:   25 13:30:07        7.976765        1.214828
MDMin:   26 13:30:07        8.025131        1.166867
MDMin:   27 13:30:07        8.079440        1.117903
MDMin:   28 13:30:07        8.142753        1.068435
MDMin:   29 13:30:07        8.216183        1.018929
MDMin:   30 13:30:07        8.300689        0.969780
       Step     Time          Energy          fmax
MDMin:    0 13:42:48        5.307772        2.721489
MDMin:    1 13:42:48        5.039146        2.136023
MDMin:    2 13:42:48        4.528424        1.867238
MDMin:    3 13:42:48        4.071471        1.714118
MDMin:    4 13:42:48        3.743317        1.593994
MDMin:    5 13:42:48        3.465057        1.491654
MDMin:    6 13:42:48        3.213996        1.400298
MDMin:    7 13:42:48        2.979804        1.316242
MDMin:    8 13:42:48        2.757796        1.237579
MDMin:    9 13:42:48        2.546203        1.163396
MDMin:   10 13:42:48        2.344807        1.093317
MDMin:   11 13:42:48        2.154255        1.027238
MDMin:   12 13:42:48        1.975688        0.965169
       Step     Time          Energy          fmax
MDMin:    0 13:46:09       46.539594       10.931667
MDMin:    1 13:46:09       36.596703        5.517667
MDMin:    2 13:46:09       30.193195        3.868576
MDMin:    3 13:46:09       26.072242        3.053920
MDMin:    4 13:46:09       23.179967        2.567537
MDMin:    5 13:46:09       20.928397        2.309695
MDMin:    6 13:46:09       19.035629        2.140806
MDMin:    7 13:46:09       17.368082        1.994555
MDMin:    8 13:46:09       15.897619        1.855584
MDMin:    9 13:46:09       14.653096        1.738179
MDMin:   10 13:46:09       13.627776        1.651726
MDMin:   11 13:46:09       12.789213        1.600301
MDMin:   12 13:46:09       12.094181        1.543944
MDMin:   13 13:46:09       11.496772        1.480861
MDMin:   14 13:46:09       10.971048        1.409944
MDMin:   15 13:46:09       10.499983        1.338101
MDMin:   16 13:46:09       10.070420        1.299083
MDMin:   17 13:46:09        9.678982        1.262827
MDMin:   18 13:46:09        9.313767        1.227569
MDMin:   19 13:46:09        8.967134        1.192211
MDMin:   20 13:46:09        8.634802        1.156210
MDMin:   21 13:46:09        8.314359        1.119399
MDMin:   22 13:46:09        8.004470        1.081891
MDMin:   23 13:46:09        7.704432        1.044000
MDMin:   24 13:46:09        7.413612        1.006128
MDMin:   25 13:46:09        7.130980        0.968644
       Step     Time          Energy          fmax
MDMin:    0 14:44:53      109.254772       68.294429
MDMin:    1 14:44:53       78.942422       19.169342
MDMin:    2 14:44:53       54.870986        6.936236
MDMin:    3 14:44:53       39.933793        5.582043
MDMin:    4 14:44:53       34.507808        3.575013
MDMin:    5 14:44:53       30.344260        3.076603
MDMin:    6 14:44:53       27.675802        2.716844
MDMin:    7 14:44:53       25.673885        2.412147
MDMin:    8 14:44:53       24.062178        2.153789
MDMin:    9 14:44:53       22.708258        1.937487
MDMin:   10 14:44:53       21.538077        1.758064
MDMin:   11 14:44:53       20.509464        1.609225
MDMin:   12 14:44:53       19.597054        1.484302
MDMin:   13 14:44:53       18.784658        1.398311
MDMin:   14 14:44:53       18.069210        1.377255
MDMin:   15 14:44:53       17.458872        1.358799
MDMin:   16 14:44:53       16.934556        1.341258
MDMin:   17 14:44:53       16.480611        1.323723
MDMin:   18 14:44:53       16.081127        1.305586
MDMin:   19 14:44:53       15.723499        1.286580
MDMin:   20 14:44:53       15.399903        1.266726
MDMin:   21 14:44:53       15.105490        1.246133
MDMin:   22 14:44:53       14.836774        1.224873
MDMin:   23 14:44:53       14.590870        1.202957
MDMin:   24 14:44:53       14.364843        1.180323
MDMin:   25 14:44:53       14.155319        1.156835
MDMin:   26 14:44:53       13.958763        1.132317
MDMin:   27 14:44:53       13.772210        1.106597
MDMin:   28 14:44:53       13.593759        1.079545
MDMin:   29 14:44:53       13.422583        1.051061
MDMin:   30 14:44:53       13.258929        1.021069
MDMin:   31 14:44:53       13.104256        0.989517
       Step     Time          Energy          fmax
MDMin:    0 15:04:31        6.630142        3.832185
MDMin:    1 15:04:31        5.473322        2.410067
MDMin:    2 15:04:31        3.924554        1.481064
MDMin:    3 15:04:31        3.110397        1.232556
MDMin:    4 15:04:31        2.693519        1.092080
MDMin:    5 15:04:31        2.458316        1.016705
MDMin:    6 15:04:31        2.339611        1.005039
MDMin:    7 15:04:31        2.296050        0.995873
       Step     Time          Energy          fmax
MDMin:    0 15:11:18      127.750958       52.959861
MDMin:    1 15:11:18       87.754312       19.955775
MDMin:    2 15:11:18       59.518716       10.048676
MDMin:    3 15:11:18       45.421287        4.551938
MDMin:    4 15:11:18       41.612245        4.942807
MDMin:    5 15:11:18       35.738882        4.751706
MDMin:    6 15:11:18       30.256398        3.615684
MDMin:    7 15:11:18       24.941013        4.039981
MDMin:    8 15:11:18       20.229732        3.295531
MDMin:    9 15:11:18       16.722283        2.680103
MDMin:   10 15:11:18       13.981401        2.160231
MDMin:   11 15:11:18       11.786008        1.888540
MDMin:   12 15:11:18       10.136370        1.787932
MDMin:   13 15:11:18        8.944106        1.680742
MDMin:   14 15:11:18        8.040943        1.569530
MDMin:   15 15:11:18        7.342091        1.455270
MDMin:   16 15:11:18        6.796820        1.339162
MDMin:   17 15:11:18        6.368665        1.223240
MDMin:   18 15:11:18        6.028523        1.114946
MDMin:   19 15:11:18        5.755447        1.074265
MDMin:   20 15:11:18        5.546646        1.028577
MDMin:   21 15:11:18        5.384897        0.977475
       Step     Time          Energy          fmax
MDMin:    0 15:14:39      107.082443       22.842581
MDMin:    1 15:14:39       74.652567        9.459755
MDMin:    2 15:14:39       51.875078        5.187115
MDMin:    3 15:14:39       38.170049        3.645381
MDMin:    4 15:14:39       30.429814        2.859161
MDMin:    5 15:14:39       25.803594        2.193219
MDMin:    6 15:14:39       22.863975        1.757364
MDMin:    7 15:14:39       20.834098        1.491588
MDMin:    8 15:14:39       19.324069        1.310173
MDMin:    9 15:14:39       18.166819        1.211448
MDMin:   10 15:14:39       17.287500        1.181693
MDMin:   11 15:14:39       16.600628        1.150710
MDMin:   12 15:14:39       16.000866        1.116541
MDMin:   13 15:14:39       15.428430        1.078795
MDMin:   14 15:14:39       14.854335        1.038312
MDMin:   15 15:14:39       14.268740        1.025233
MDMin:   16 15:14:39       13.692632        1.012979
MDMin:   17 15:14:40       13.139823        0.974079
       Step     Time          Energy          fmax
MDMin:    0 15:29:05       25.579549       26.433472
MDMin:    1 15:29:05       14.502444        8.536754
MDMin:    2 15:29:05        8.591032        3.582569
MDMin:    3 15:29:05        7.884374        1.655576
MDMin:    4 15:29:05        7.495751        2.204532
MDMin:    5 15:29:05        6.969625        2.418892
MDMin:    6 15:29:05        5.965480        2.090958
MDMin:    7 15:29:05        5.047553        1.448781
MDMin:    8 15:29:05        4.246452        1.092120
MDMin:    9 15:29:05        3.620768        1.087809
MDMin:   10 15:29:05        3.190636        1.081076
MDMin:   11 15:29:05        2.849612        1.074239
MDMin:   12 15:29:05        2.562631        1.068128
MDMin:   13 15:29:05        2.316272        1.062245
MDMin:   14 15:29:05        2.102909        1.055857
MDMin:   15 15:29:05        1.917093        1.048379
MDMin:   16 15:29:05        1.754500        1.039542
MDMin:   17 15:29:05        1.611586        1.029424
MDMin:   18 15:29:05        1.485428        1.018362
MDMin:   19 15:29:05        1.373618        1.006826
MDMin:   20 15:29:05        1.274170        0.995316
       Step     Time          Energy          fmax
MDMin:    0 15:35:04       75.646273       36.804543
MDMin:    1 15:35:04       50.252735       13.056335
MDMin:    2 15:35:04       34.264901        6.196175
MDMin:    3 15:35:04       25.897334        2.717062
MDMin:    4 15:35:04       23.733802        3.176681
MDMin:    5 15:35:04       20.771241        2.906601
MDMin:    6 15:35:04       17.046201        2.638683
MDMin:    7 15:35:04       13.899903        1.764490
MDMin:    8 15:35:04       11.061262        1.429137
MDMin:    9 15:35:04        8.620172        1.126714
MDMin:   10 15:35:04        6.920200        1.018357
MDMin:   11 15:35:04        5.764287        1.065530
MDMin:   12 15:35:04        4.996663        1.087955
MDMin:   13 15:35:04        4.433584        1.099840
MDMin:   14 15:35:04        3.995453        1.107703
MDMin:   15 15:35:04        3.640919        1.112831
MDMin:   16 15:35:04        3.345665        1.112999
MDMin:   17 15:35:04        3.093945        1.106438
MDMin:   18 15:35:04        2.875115        1.094386
MDMin:   19 15:35:04        2.682054        1.079355
MDMin:   20 15:35:04        2.509982        1.063230
MDMin:   21 15:35:04        2.355553        1.047134
MDMin:   22 15:35:04        2.216303        1.031781
MDMin:   23 15:35:04        2.090345        1.017641
MDMin:   24 15:35:04        1.976191        1.004970
MDMin:   25 15:35:04        1.872624        0.993809
       Step     Time          Energy          fmax
MDMin:    0 15:41:11       95.770453       50.247474
MDMin:    1 15:41:11       67.601374       18.971471
MDMin:    2 15:41:11       46.620127       10.888205
MDMin:    3 15:41:11       35.948371        6.581238
MDMin:    4 15:41:11       33.033160        2.861115
MDMin:    5 15:41:11       28.862408        4.430731
MDMin:    6 15:41:11       24.116663        3.458582
MDMin:    7 15:41:11       19.884160        2.522909
MDMin:    8 15:41:11       17.189890        2.739675
MDMin:    9 15:41:11       15.364455        2.614706
MDMin:   10 15:41:11       13.854268        2.549385
MDMin:   11 15:41:11       12.603674        2.517868
MDMin:   12 15:41:11       11.581785        2.504340
MDMin:   13 15:41:11       10.735960        2.492523
MDMin:   14 15:41:11       10.056488        2.510172
MDMin:   15 15:41:11        9.518230        2.510188
MDMin:   16 15:41:11        9.091370        2.459379
MDMin:   17 15:41:11        8.747698        2.352180
MDMin:   18 15:41:11        8.468454        2.194406
MDMin:   19 15:41:11        8.244355        1.998644
MDMin:   20 15:41:11        8.072956        1.780827
MDMin:   21 15:41:11        7.956013        1.558382
MDMin:   22 15:41:11        7.897073        1.351635
MDMin:   23 15:41:11        7.895663        1.306964
MDMin:   24 15:41:11        7.931119        1.261451
MDMin:   25 15:41:11        7.976765        1.214828
MDMin:   26 15:41:11        8.025131        1.166867
MDMin:   27 15:41:11        8.079440        1.117903
MDMin:   28 15:41:11        8.142753        1.068435
MDMin:   29 15:41:11        8.216183        1.018929
MDMin:   30 15:41:11        8.300689        0.969780
       Step     Time          Energy          fmax
MDMin:    0 15:54:44        5.307772        2.721489
MDMin:    1 15:54:44        5.039146        2.136023
MDMin:    2 15:54:44        4.528424        1.867238
MDMin:    3 15:54:44        4.071471        1.714118
MDMin:    4 15:54:44        3.743317        1.593994
MDMin:    5 15:54:44        3.465057        1.491654
MDMin:    6 15:54:44        3.213996        1.400298
MDMin:    7 15:54:44        2.979804        1.316242
MDMin:    8 15:54:44        2.757796        1.237579
MDMin:    9 15:54:44        2.546203        1.163396
MDMin:   10 15:54:44        2.344807        1.093317
MDMin:   11 15:54:44        2.154255        1.027238
MDMin:   12 15:54:44        1.975688        0.965169
       Step     Time          Energy          fmax
MDMin:    0 15:58:14       46.539594       10.931667
MDMin:    1 15:58:14       36.596703        5.517667
MDMin:    2 15:58:14       30.193195        3.868576
MDMin:    3 15:58:14       26.072242        3.053920
MDMin:    4 15:58:14       23.179967        2.567537
MDMin:    5 15:58:14       20.928397        2.309695
MDMin:    6 15:58:14       19.035629        2.140806
MDMin:    7 15:58:14       17.368082        1.994555
MDMin:    8 15:58:14       15.897619        1.855584
MDMin:    9 15:58:14       14.653096        1.738179
MDMin:   10 15:58:14       13.627776        1.651726
MDMin:   11 15:58:14       12.789213        1.600301
MDMin:   12 15:58:14       12.094181        1.543944
MDMin:   13 15:58:14       11.496772        1.480861
MDMin:   14 15:58:14       10.971048        1.409944
MDMin:   15 15:58:14       10.499983        1.338101
MDMin:   16 15:58:14       10.070420        1.299083
MDMin:   17 15:58:14        9.678982        1.262827
MDMin:   18 15:58:14        9.313767        1.227569
MDMin:   19 15:58:14        8.967134        1.192211
MDMin:   20 15:58:14        8.634802        1.156210
MDMin:   21 15:58:14        8.314359        1.119399
MDMin:   22 15:58:14        8.004470        1.081891
MDMin:   23 15:58:14        7.704432        1.044000
MDMin:   24 15:58:14        7.413612        1.006128
MDMin:   25 15:58:14        7.130980        0.968644
       Step     Time          Energy          fmax
MDMin:    0 16:18:20     1342.983619      572.427038
MDMin:    1 16:18:20     1105.994592      197.626389
MDMin:    2 16:18:20      925.287389       88.234118
MDMin:    3 16:18:20      762.810180       46.574598
MDMin:    4 16:18:20      618.382032       37.118896
MDMin:    5 16:18:20      522.153649       21.787054
MDMin:    6 16:18:20      485.719021       12.072280
MDMin:    7 16:18:21      459.495736       10.938436
MDMin:    8 16:18:21      433.002619       10.993374
MDMin:    9 16:18:21      404.193972       13.341383
MDMin:   10 16:18:21      375.425541       14.856965
MDMin:   11 16:18:21      356.424987       15.388560
MDMin:   12 16:18:21      327.792576       14.526285
MDMin:   13 16:18:21      303.630970       13.050781
MDMin:   14 16:18:21      276.285600       11.342767
MDMin:   15 16:18:21      250.700703        9.662854
MDMin:   16 16:18:21      225.666766        8.325587
MDMin:   17 16:18:21      202.395380        7.591884
MDMin:   18 16:18:21      182.391244        6.977356
MDMin:   19 16:18:21      164.902123        6.365197
MDMin:   20 16:18:21      149.447120        5.813052
MDMin:   21 16:18:21      135.727436        5.283991
MDMin:   22 16:18:21      123.474930        4.817507
MDMin:   23 16:18:21      112.493817        4.506027
MDMin:   24 16:18:21      102.772071        4.223392
MDMin:   25 16:18:21       94.131048        4.048256
MDMin:   26 16:18:21       86.539194        3.956730
MDMin:   27 16:18:21       79.926258        3.924983
MDMin:   28 16:18:21       74.186840        3.941406
MDMin:   29 16:18:21       69.212416        3.992483
MDMin:   30 16:18:21       64.895928        4.043453
MDMin:   31 16:18:21       61.111597        4.118281
MDMin:   32 16:18:21       57.789844        4.207837
MDMin:   33 16:18:21       54.866972        4.285970
MDMin:   34 16:18:21       52.494409        4.327590
MDMin:   35 16:18:21       50.563343        4.342431
MDMin:   36 16:18:21       48.794796        4.352942
MDMin:   37 16:18:21       47.165860        4.358786
MDMin:   38 16:18:21       45.657663        4.360271
MDMin:   39 16:18:21       44.254691        4.357729
MDMin:   40 16:18:21       42.944077        4.351745
MDMin:   41 16:18:21       41.715124        4.342999
MDMin:   42 16:18:21       40.558897        4.332655
MDMin:   43 16:18:21       39.468001        4.321671
MDMin:   44 16:18:21       38.436241        4.310713
MDMin:   45 16:18:21       37.458349        4.300040
MDMin:   46 16:18:21       36.529751        4.289497
MDMin:   47 16:18:21       35.646380        4.278610
MDMin:   48 16:18:21       34.804555        4.266474
MDMin:   49 16:18:21       34.000854        4.252572
MDMin:   50 16:18:21       33.232163        4.236378
MDMin:   51 16:18:21       32.495628        4.217825
MDMin:   52 16:18:21       31.788699        4.197168
MDMin:   53 16:18:21       31.109139        4.174814
MDMin:   54 16:18:21       30.454997        4.151085
MDMin:   55 16:18:21       29.824560        4.126360
MDMin:   56 16:18:21       29.216326        4.102140
MDMin:   57 16:18:21       28.629129        4.079243
MDMin:   58 16:18:21       28.061996        4.058197
MDMin:   59 16:18:21       27.514077        4.039080
MDMin:   60 16:18:21       26.984567        4.021967
MDMin:   61 16:18:21       26.472707        4.006472
MDMin:   62 16:18:21       25.977727        3.992171
MDMin:   63 16:18:21       25.498860        3.978744
MDMin:   64 16:18:21       25.035355        3.966011
MDMin:   65 16:18:21       24.586503        3.953377
MDMin:   66 16:18:21       24.151590        3.940513
MDMin:   67 16:18:22       23.729925        3.928248
MDMin:   68 16:18:22       23.320963        3.916553
MDMin:   69 16:18:22       22.924201        3.904994
MDMin:   70 16:18:22       22.539128        3.892626
MDMin:   71 16:18:22       22.165186        3.880355
MDMin:   72 16:18:22       21.801944        3.867927
MDMin:   73 16:18:22       21.448981        3.855048
MDMin:   74 16:18:22       21.105879        3.841473
MDMin:   75 16:18:22       20.772227        3.826628
MDMin:   76 16:18:22       20.447596        3.810563
MDMin:   77 16:18:22       20.131589        3.793946
MDMin:   78 16:18:22       19.823892        3.777007
MDMin:   79 16:18:22       19.524229        3.760252
MDMin:   80 16:18:22       19.232385        3.744006
MDMin:   81 16:18:22       18.948182        3.728510
MDMin:   82 16:18:22       18.671473        3.713901
MDMin:   83 16:18:22       18.402131        3.707176
MDMin:   84 16:18:22       18.138987        3.699621
MDMin:   85 16:18:22       17.884803        3.694720
MDMin:   86 16:18:22       17.636899        3.686786
MDMin:   87 16:18:22       17.396911        3.683157
MDMin:   88 16:18:22       17.163329        3.674261
MDMin:   89 16:18:22       16.936589        3.652662
MDMin:   90 16:18:22       16.730836        3.637614
MDMin:   91 16:18:22       16.515018        3.619954
MDMin:   92 16:18:22       16.321020        3.599417
MDMin:   93 16:18:22       16.115391        3.585418
MDMin:   94 16:18:22       15.932290        3.560290
MDMin:   95 16:18:22       15.736253        3.555811
MDMin:   96 16:18:22       15.548373        3.515383
MDMin:   97 16:18:22       15.375725        3.517448
MDMin:   98 16:18:22       15.197631        3.479195
MDMin:   99 16:18:22       15.033566        3.479979
MDMin:  100 16:18:22       14.864999        3.448036
       Step     Time          Energy          fmax
MDMin:    0 17:06:19 14675965.799629    42775.656790
MDMin:    1 17:06:19 13177701.756893    29940.755696
MDMin:    2 17:06:20 11690713.407582    23819.104791
MDMin:    3 17:06:21 10365136.527294    18614.797904
MDMin:    4 17:06:22  9148110.850320    14577.707853
MDMin:    5 17:06:23  8042806.184832    11419.667498
MDMin:    6 17:06:24  7057167.791957     9293.342529
MDMin:    7 17:06:25  6264556.953617     5403.729630
MDMin:    8 17:06:26  6102609.884747     9115.849607
MDMin:    9 17:06:27  6084852.533196    12103.523883
MDMin:   10 17:06:28  5971208.451881    13696.488391
MDMin:   11 17:06:29  5841022.657507    14078.749750
MDMin:   12 17:06:30  5684075.104529    13475.111011
MDMin:   13 17:06:31  5496570.597574    12177.794082
MDMin:   14 17:06:31  5273386.664740    10471.027358
MDMin:   15 17:06:32  5011653.396317     8597.775709
MDMin:   16 17:06:33  4709062.391889     7174.618958
MDMin:   17 17:06:35  4381883.009913     5904.924931
MDMin:   18 17:06:35  4042511.264138     4688.581003
MDMin:   19 17:06:36  3690167.303960     3811.364367
MDMin:   20 17:06:37  3346827.324901     3591.349409
MDMin:   21 17:06:38  3062317.412154     3342.328635
MDMin:   22 17:06:39  2818983.514077     3075.810047
MDMin:   23 17:06:40  2605138.215649     2799.093183
MDMin:   24 17:06:41  2413400.693720     2529.609855
MDMin:   25 17:06:42  2238878.036873     2268.330163
MDMin:   26 17:06:43  2077996.598027     2026.666059
MDMin:   27 17:06:44  1928534.616821     1804.984588
MDMin:   28 17:06:45  1789141.705947     1605.377645
MDMin:   29 17:06:46  1659659.036826     1464.866949
MDMin:   30 17:06:47  1542114.725200     1360.925519
MDMin:   31 17:06:48  1436698.239848     1253.458437
MDMin:   32 17:06:49  1340499.049750     1137.478835
MDMin:   33 17:06:50  1251925.658896     1038.103389
MDMin:   34 17:06:51  1170330.893897      959.490798
MDMin:   35 17:06:52  1095678.078322      916.293807
MDMin:   36 17:06:53  1029423.293069      847.743114
MDMin:   37 17:06:54   968459.623699      793.532914
MDMin:   38 17:06:55   912601.307751      748.292449
MDMin:   39 17:06:56   861588.784009      702.443566
MDMin:   40 17:06:57   814391.570477      661.688223
MDMin:   41 17:06:58   771129.446767      621.213485
MDMin:   42 17:06:59   731043.776332      585.911296
MDMin:   43 17:07:00   694101.024750      549.937173
MDMin:   44 17:07:01   659525.072253      519.899658
MDMin:   45 17:07:02   627531.027739      492.062384
MDMin:   46 17:07:03   597854.883573      463.947286
MDMin:   47 17:07:04   570060.625809      435.554983
MDMin:   48 17:07:05   544008.183664      407.779693
MDMin:   49 17:07:06   519203.842247      380.474155
MDMin:   50 17:07:07   495809.571548      354.385350
MDMin:   51 17:07:08   473474.529763      330.594125
MDMin:   52 17:07:09   452205.827665      309.423115
MDMin:   53 17:07:09   432131.353052      289.127813
MDMin:   54 17:07:11   413038.381358      273.363420
MDMin:   55 17:07:11   395173.605266      258.037284
MDMin:   56 17:07:12   378261.689795      246.587932
MDMin:   57 17:07:13   362571.344549      235.155040
MDMin:   58 17:07:14   347804.045413      224.345008
MDMin:   59 17:07:15   333910.475677      213.885468
MDMin:   60 17:07:16   320786.085213      203.614203
MDMin:   61 17:07:17   308379.452289      194.435892
MDMin:   62 17:07:19   296596.215951      185.329042
MDMin:   63 17:07:19   285507.610639      176.612921
MDMin:   64 17:07:20   274969.711130      168.393989
MDMin:   65 17:07:21   264993.226631      160.570532
MDMin:   66 17:07:22   255529.632113      153.360400
MDMin:   67 17:07:23   246549.942659      146.136314
MDMin:   68 17:07:24   238007.625978      139.333190
MDMin:   69 17:07:25   229849.618992      132.650312
MDMin:   70 17:07:26   222040.632744      126.271999
MDMin:   71 17:07:27   214568.152423      120.124801
MDMin:   72 17:07:28   207438.638203      114.532871
MDMin:   73 17:07:29   200586.602338      108.630097
MDMin:   74 17:07:30   193952.436100      103.362967
MDMin:   75 17:07:31   187632.472285       98.306770
MDMin:   76 17:07:32   181567.432982       93.521712
MDMin:   77 17:07:33   175706.905341       89.675405
MDMin:   78 17:07:34   170147.312283       85.861476
MDMin:   79 17:07:35   164793.640784       82.156587
MDMin:   80 17:07:36   159651.670761       78.734955
MDMin:   81 17:07:37   154751.011959       75.114994
MDMin:   82 17:07:38   150003.429712       71.691173
MDMin:   83 17:07:39   145411.262584       68.372496
MDMin:   84 17:07:40   140978.742615       66.704504
MDMin:   85 17:07:41   136834.950149       62.039988
MDMin:   86 17:07:42   132703.220935      110.798344
MDMin:   87 17:07:43   130530.966239      106.414127
MDMin:   88 17:07:44   128401.751054      101.920298
MDMin:   89 17:07:45   126252.867120       97.259183
MDMin:   90 17:07:46   124089.433509       93.316896
MDMin:   91 17:07:47   121933.857420       89.137182
MDMin:   92 17:07:48   119783.551887       85.305112
MDMin:   93 17:07:49   117634.658485       81.848133
MDMin:   94 17:07:50   115517.245158       78.282090
MDMin:   95 17:07:51   113396.078865       74.846260
MDMin:   96 17:07:52   111289.894981       79.587648
MDMin:   97 17:07:53   109375.974171       75.777039
MDMin:   98 17:07:54   107458.574090       72.479575
MDMin:   99 17:07:55   105555.727470       77.346600
MDMin:  100 17:07:55   103833.690605       74.618665
       Step     Time          Energy          fmax
MDMin:    0 17:20:48        5.199751        3.839892
MDMin:    1 17:20:48        4.632618        2.786212
MDMin:    2 17:20:48        3.695518        1.727282
MDMin:    3 17:20:48        2.980528        1.436170
MDMin:    4 17:20:48        2.554871        1.231330
MDMin:    5 17:20:48        2.278899        1.079918
MDMin:    6 17:20:48        2.101332        0.965509
       Step     Time          Energy          fmax
MDMin:    0 17:26:29      106.738207      297.600878
MDMin:    1 17:26:29       66.877965       48.715016
MDMin:    2 17:26:29       54.386305       21.441791
MDMin:    3 17:26:29       46.185071       52.640559
MDMin:    4 17:26:29       44.367314       18.684471
MDMin:    5 17:26:29       40.413069       18.302308
MDMin:    6 17:26:29       37.538341        9.966305
MDMin:    7 17:26:29       33.605899        5.880931
MDMin:    8 17:26:29       29.143449        7.312977
MDMin:    9 17:26:29       26.769186        3.425241
MDMin:   10 17:26:30       23.089464        2.679889
MDMin:   11 17:26:30       20.134901        2.372653
MDMin:   12 17:26:30       17.983348        2.177953
MDMin:   13 17:26:30       16.389249        1.975545
MDMin:   14 17:26:30       15.154511        1.797122
MDMin:   15 17:26:30       14.189422        1.633034
MDMin:   16 17:26:30       13.435174        1.521235
MDMin:   17 17:26:30       12.866341        1.464695
MDMin:   18 17:26:30       12.455088        1.419326
MDMin:   19 17:26:30       12.160558        1.382510
MDMin:   20 17:26:30       11.950428        1.351147
MDMin:   21 17:26:30       11.797732        1.322076
MDMin:   22 17:26:30       11.678402        1.292344
MDMin:   23 17:26:30       11.571655        1.259222
MDMin:   24 17:26:30       11.462359        1.220008
MDMin:   25 17:26:30       11.341611        1.171789
MDMin:   26 17:26:30       11.205215        1.111367
MDMin:   27 17:26:30       11.052600        1.035404
MDMin:   28 17:26:30       10.886900        0.975601
       Step     Time          Energy          fmax
MDMin:    0 17:43:47       49.717781       43.862300
MDMin:    1 17:43:47       36.376596       14.091497
MDMin:    2 17:43:47       28.584025        5.723070
MDMin:    3 17:43:47       22.461079        4.521389
MDMin:    4 17:43:47       19.434897        2.661878
MDMin:    5 17:43:47       16.926415        1.804052
MDMin:    6 17:43:47       14.977785        1.574264
MDMin:    7 17:43:47       13.689656        1.431435
MDMin:    8 17:43:47       12.786045        1.408958
MDMin:    9 17:43:47       12.080517        1.404096
MDMin:   10 17:43:47       11.445547        1.382046
MDMin:   11 17:43:47       10.834655        1.332241
MDMin:   12 17:43:47       10.237474        1.258403
MDMin:   13 17:43:47        9.659763        1.170695
MDMin:   14 17:43:47        9.111620        1.080844
MDMin:   15 17:43:47        8.603142        0.999500
       Step     Time          Energy          fmax
MDMin:    0 17:51:48       20.894750       78.325338
MDMin:    1 17:51:48        9.486503        9.897406
MDMin:    2 17:51:48        6.393898        5.712336
MDMin:    3 17:51:48        5.357695        2.620211
MDMin:    4 17:51:48        4.499220        1.684619
MDMin:    5 17:51:48        3.941167        1.389487
MDMin:    6 17:51:48        3.595170        1.353635
MDMin:    7 17:51:48        3.413012        1.310163
MDMin:    8 17:51:48        3.302617        1.260440
MDMin:    9 17:51:48        3.222184        1.216124
MDMin:   10 17:51:48        3.138338        1.187124
MDMin:   11 17:51:48        3.023329        1.169135
MDMin:   12 17:51:48        2.874710        1.147843
MDMin:   13 17:51:48        2.714951        1.115275
MDMin:   14 17:51:48        2.569884        1.073615
MDMin:   15 17:51:48        2.453689        1.030811
MDMin:   16 17:51:48        2.367206        0.997246
       Step     Time          Energy          fmax
MDMin:    0 17:56:19       36.843741       10.940363
MDMin:    1 17:56:19       30.450739        4.828333
MDMin:    2 17:56:19       25.131896        3.681821
MDMin:    3 17:56:19       21.778207        3.209782
MDMin:    4 17:56:19       19.431779        2.940432
MDMin:    5 17:56:19       17.725868        2.759661
MDMin:    6 17:56:19       16.458070        2.627457
MDMin:    7 17:56:19       15.500319        2.525419
MDMin:    8 17:56:19       14.763025        2.443270
MDMin:    9 17:56:19       14.181013        2.374555
MDMin:   10 17:56:19       13.708169        2.315034
MDMin:   11 17:56:19       13.313249        2.261911
MDMin:   12 17:56:19       12.975338        2.213347
MDMin:   13 17:56:19       12.680248        2.168129
MDMin:   14 17:56:19       12.418300        2.125469
MDMin:   15 17:56:19       12.183031        2.084874
MDMin:   16 17:56:19       11.970322        2.046066
MDMin:   17 17:56:19       11.777714        2.008906
MDMin:   18 17:56:19       11.603811        1.973340
MDMin:   19 17:56:19       11.447796        1.939348
MDMin:   20 17:56:19       11.309061        1.906911
MDMin:   21 17:56:19       11.186989        1.875995
MDMin:   22 17:56:19       11.080846        1.846547
MDMin:   23 17:56:19       10.989763        1.818500
MDMin:   24 17:56:19       10.912726        1.791769
MDMin:   25 17:56:19       10.848553        1.766251
MDMin:   26 17:56:19       10.795863        1.741819
MDMin:   27 17:56:19       10.753071        1.718315
MDMin:   28 17:56:19       10.718444        1.695560
MDMin:   29 17:56:19       10.690238        1.673368
MDMin:   30 17:56:19       10.666858        1.651572
MDMin:   31 17:56:19       10.646995        1.630038
MDMin:   32 17:56:19       10.629638        1.608671
MDMin:   33 17:56:19       10.613963        1.587408
MDMin:   34 17:56:19       10.599121        1.566196
MDMin:   35 17:56:19       10.584018        1.544973
MDMin:   36 17:56:19       10.567198        1.523657
MDMin:   37 17:56:19       10.546897        1.502146
MDMin:   38 17:56:19       10.521288        1.480328
MDMin:   39 17:56:19       10.488777        1.458108
MDMin:   40 17:56:19       10.448257        1.435436
MDMin:   41 17:56:19       10.399202        1.412311
MDMin:   42 17:56:19       10.341605        1.388785
MDMin:   43 17:56:19       10.275798        1.364940
MDMin:   44 17:56:19       10.202183        1.340858
MDMin:   45 17:56:19       10.120984        1.316590
MDMin:   46 17:56:19       10.032086        1.292144
MDMin:   47 17:56:19        9.935057        1.267485
MDMin:   48 17:56:19        9.829351        1.242565
MDMin:   49 17:56:19        9.714603        1.217356
MDMin:   50 17:56:19        9.590841        1.191867
MDMin:   51 17:56:19        9.458512        1.166155
MDMin:   52 17:56:19        9.318308        1.140297
MDMin:   53 17:56:19        9.170987        1.114377
MDMin:   54 17:56:19        9.017422        1.088489
MDMin:   55 17:56:19        8.858880        1.062760
MDMin:   56 17:56:19        8.697281        1.037376
MDMin:   57 17:56:19        8.535194        1.012566
MDMin:   58 17:56:19        8.375590        0.988576
       Step     Time          Energy          fmax
MDMin:    0 18:12:16   116064.544871  1399533.855655
MDMin:    1 18:12:16    24550.333727   106959.210551
MDMin:    2 18:12:16    12145.846556    86793.656933
MDMin:    3 18:12:16    10876.000666    27888.379078
MDMin:    4 18:12:16     9380.448471     7193.411128
MDMin:    5 18:12:16    10279.644115    12931.794464
MDMin:    6 18:12:16     7754.827168     7338.600892
MDMin:    7 18:12:16     6813.453178     1488.955793
MDMin:    8 18:12:16     5280.218964      641.503382
MDMin:    9 18:12:16     4349.643307      339.397266
MDMin:   10 18:12:16     3660.438387      196.565935
MDMin:   11 18:12:16     3089.615721      146.476511
MDMin:   12 18:12:16     2656.494931      115.177400
MDMin:   13 18:12:16     2302.282683       93.487354
MDMin:   14 18:12:16     2015.653346       77.012529
MDMin:   15 18:12:16     1784.499370       60.834494
MDMin:   16 18:12:16     1585.843047       48.889866
MDMin:   17 18:12:16     1415.167424       37.661172
MDMin:   18 18:12:16     1259.230922       31.054379
MDMin:   19 18:12:16     1124.191810       28.123955
MDMin:   20 18:12:16     1013.882447       27.998527
MDMin:   21 18:12:16      928.679826       27.018098
MDMin:   22 18:12:16      858.266413       25.367817
MDMin:   23 18:12:16      797.186240       23.242609
MDMin:   24 18:12:16      742.728847       20.902860
MDMin:   25 18:12:16      692.776856       18.493671
MDMin:   26 18:12:16      646.170571       16.148007
MDMin:   27 18:12:16      602.106508       13.948551
MDMin:   28 18:12:16      560.033353       13.312205
MDMin:   29 18:12:16      523.569618       12.746970
MDMin:   30 18:12:16      491.538486       12.048924
MDMin:   31 18:12:16      462.755047       11.268671
MDMin:   32 18:12:16      436.287975       10.447810
MDMin:   33 18:12:16      411.605473        9.617933
MDMin:   34 18:12:16      388.344325        8.801386
MDMin:   35 18:12:16      366.282531        8.013975
MDMin:   36 18:12:16      345.196351        7.265903
MDMin:   37 18:12:16      324.964456        6.564694
MDMin:   38 18:12:16      305.507646        5.915702
MDMin:   39 18:12:16      286.781048        5.322308
MDMin:   40 18:12:16      268.767222        4.785579
MDMin:   41 18:12:16      251.437039        4.304830
MDMin:   42 18:12:16      234.834730        3.874731
MDMin:   43 18:12:16      218.965739        3.488938
MDMin:   44 18:12:17      203.824094        3.305918
MDMin:   45 18:12:17      190.080937        3.243150
MDMin:   46 18:12:17      177.941194        3.188419
MDMin:   47 18:12:17      167.134787        3.117199
MDMin:   48 18:12:17      157.381239        3.039204
MDMin:   49 18:12:17      148.496906        2.963624
MDMin:   50 18:12:17      140.363344        2.897264
MDMin:   51 18:12:17      132.902781        2.817882
MDMin:   52 18:12:17      125.938905        2.782392
MDMin:   53 18:12:17      119.578898        2.761417
MDMin:   54 18:12:17      113.773484        2.753034
MDMin:   55 18:12:17      108.472568        2.754310
MDMin:   56 18:12:17      103.623589        2.745307
MDMin:   57 18:12:17       99.109815        2.757383
MDMin:   58 18:12:17       94.961261        2.770488
MDMin:   59 18:12:17       91.133846        2.763915
MDMin:   60 18:12:17       87.550308        2.779160
MDMin:   61 18:12:17       84.232785        2.793756
MDMin:   62 18:12:17       81.150744        2.808041
MDMin:   63 18:12:17       78.278713        2.822335
MDMin:   64 18:12:17       75.595026        2.826073
MDMin:   65 18:12:17       73.053317        2.842657
MDMin:   66 18:12:17       70.671101        2.849574
MDMin:   67 18:12:17       68.412496        2.868018
MDMin:   68 18:12:17       66.286422        2.886119
MDMin:   69 18:12:17       64.278588        2.903564
MDMin:   70 18:12:17       62.376796        2.920082
MDMin:   71 18:12:17       60.570884        2.935499
MDMin:   72 18:12:17       58.852529        2.949757
MDMin:   73 18:12:17       57.214915        2.962889
MDMin:   74 18:12:17       55.652384        2.974995
MDMin:   75 18:12:17       54.160138        2.986206
MDMin:   76 18:12:17       52.789058        2.887327
MDMin:   77 18:12:17       51.865343        2.946193
MDMin:   78 18:12:17       50.999520        2.821421
MDMin:   79 18:12:17       50.122906        2.881721
MDMin:   80 18:12:17       49.300770        2.758969
MDMin:   81 18:12:17       48.467769        2.739548
MDMin:   82 18:12:17       47.659362        2.781750
MDMin:   83 18:12:17       46.894623        2.683624
MDMin:   84 18:12:17       46.125611        2.729087
MDMin:   85 18:12:17       45.398151        2.632322
MDMin:   86 18:12:17       44.666309        2.680852
MDMin:   87 18:12:17       43.973948        2.584466
MDMin:   88 18:12:17       43.276983        2.635319
MDMin:   89 18:12:17       42.617344        2.538409
MDMin:   90 18:12:17       41.952796        2.609584
MDMin:   91 18:12:17       41.322120        2.511780
MDMin:   92 18:12:17       40.687127        2.556031
MDMin:   93 18:12:17       40.087939        2.473055
MDMin:   94 18:12:17       39.482269        2.444214
MDMin:   95 18:12:17       38.893546        2.509209
MDMin:   96 18:12:17       38.331629        2.405135
MDMin:   97 18:12:17       37.768496        2.472983
MDMin:   98 18:12:17       37.230813        2.382422
MDMin:   99 18:12:17       36.691051        2.419612
MDMin:  100 18:12:17       36.176168        2.350227
       Step     Time          Energy          fmax
MDMin:    0 18:15:14      248.627311       67.575804
MDMin:    1 18:15:14      193.093206       43.734220
MDMin:    2 18:15:14      149.321663       29.137126
MDMin:    3 18:15:14      115.739482       19.744707
MDMin:    4 18:15:14       90.328858       13.804222
MDMin:    5 18:15:14       71.585766        9.972303
MDMin:    6 18:15:14       58.201810        7.500765
MDMin:    7 18:15:14       48.769242        5.931863
MDMin:    8 18:15:14       41.923378        4.898867
MDMin:    9 18:15:14       36.734646        4.170583
MDMin:   10 18:15:14       32.646922        3.635509
MDMin:   11 18:15:14       29.329923        3.229242
MDMin:   12 18:15:14       26.572254        2.910498
MDMin:   13 18:15:14       24.235498        2.652851
MDMin:   14 18:15:14       22.230568        2.439770
MDMin:   15 18:15:14       20.497629        2.260768
MDMin:   16 18:15:14       18.991826        2.108682
MDMin:   17 18:15:14       17.676106        1.978154
MDMin:   18 18:15:14       16.518595        1.864939
MDMin:   19 18:15:14       15.491677        1.765593
MDMin:   20 18:15:14       14.571525        1.677302
MDMin:   21 18:15:14       13.738110        1.597766
MDMin:   22 18:15:14       12.975353        1.525156
MDMin:   23 18:15:14       12.270847        1.458063
MDMin:   24 18:15:14       11.615123        1.395441
MDMin:   25 18:15:14       11.000880        1.336524
MDMin:   26 18:15:14       10.422392        1.287429
MDMin:   27 18:15:14        9.877890        1.241789
MDMin:   28 18:15:14        9.363622        1.197520
MDMin:   29 18:15:14        8.875798        1.154669
MDMin:   30 18:15:14        8.411321        1.113201
MDMin:   31 18:15:14        7.967567        1.073035
MDMin:   32 18:15:14        7.542305        1.034071
MDMin:   33 18:15:14        7.133711        0.996229
       Step     Time          Energy          fmax
MDMin:    0 18:25:13       60.919550       60.794240
MDMin:    1 18:25:13       37.108210       15.264345
MDMin:    2 18:25:13       23.727440        5.354235
MDMin:    3 18:25:13       18.748878        3.987663
MDMin:    4 18:25:13       17.250159        4.164108
MDMin:    5 18:25:13       15.363896        2.632207
MDMin:    6 18:25:13       13.683981        3.728095
MDMin:    7 18:25:13       12.160363        2.247254
MDMin:    8 18:25:13        9.985244        1.964719
MDMin:    9 18:25:13        8.022924        1.547975
MDMin:   10 18:25:13        6.427608        1.182663
MDMin:   11 18:25:13        5.176663        1.120765
MDMin:   12 18:25:13        4.223714        1.042489
MDMin:   13 18:25:13        3.518898        1.016075
MDMin:   14 18:25:13        3.067774        1.061005
MDMin:   15 18:25:13        2.746055        1.097351
MDMin:   16 18:25:13        2.502133        1.127189
MDMin:   17 18:25:13        2.309180        1.150089
MDMin:   18 18:25:13        2.151447        1.166284
MDMin:   19 18:25:13        2.019128        1.176876
MDMin:   20 18:25:13        1.905868        1.183287
MDMin:   21 18:25:13        1.807400        1.186850
MDMin:   22 18:25:13        1.720749        1.188653
MDMin:   23 18:25:13        1.643764        1.189511
MDMin:   24 18:25:13        1.574839        1.189996
MDMin:   25 18:25:13        1.512728        1.190479
MDMin:   26 18:25:13        1.456443        1.191184
MDMin:   27 18:25:13        1.405175        1.192225
MDMin:   28 18:25:13        1.358252        1.193641
MDMin:   29 18:25:14        1.315106        1.195423
MDMin:   30 18:25:14        1.275252        1.197526
MDMin:   31 18:25:14        1.238273        1.199887
MDMin:   32 18:25:14        1.203808        1.202431
MDMin:   33 18:25:14        1.171539        1.205078
MDMin:   34 18:25:14        1.141186        1.207754
MDMin:   35 18:25:14        1.112497        1.210391
MDMin:   36 18:25:14        1.085240        1.212941
MDMin:   37 18:25:14        1.059197        1.215368
MDMin:   38 18:25:14        1.034157        1.217657
MDMin:   39 18:25:14        1.009918        1.219805
MDMin:   40 18:25:14        0.986279        1.221821
MDMin:   41 18:25:14        0.963051        1.223721
MDMin:   42 18:25:14        0.940054        1.225526
MDMin:   43 18:25:14        0.917129        1.227258
MDMin:   44 18:25:14        0.894150        1.228939
MDMin:   45 18:25:14        0.871034        1.230595
MDMin:   46 18:25:14        0.847751        1.232250
MDMin:   47 18:25:14        0.824332        1.233929
MDMin:   48 18:25:14        0.812138        1.240308
MDMin:   49 18:25:14        0.809442        1.247506
MDMin:   50 18:25:14        0.807059        1.249779
MDMin:   51 18:25:14        0.804925        1.246192
MDMin:   52 18:25:14        0.803002        1.236069
MDMin:   53 18:25:14        0.801281        1.219087
MDMin:   54 18:25:14        0.799784        1.195330
MDMin:   55 18:25:14        0.798563        1.165272
MDMin:   56 18:25:14        0.797703        1.129684
MDMin:   57 18:25:14        0.797325        1.089484
MDMin:   58 18:25:14        0.797589        1.045542
MDMin:   59 18:25:14        0.798700        0.998501
       Step     Time          Energy          fmax
MDMin:    0 18:33:38        4.544260        3.470514
MDMin:    1 18:33:38        4.189104        2.575247
MDMin:    2 18:33:38        3.673706        1.675668
MDMin:    3 18:33:38        3.324087        1.587956
MDMin:    4 18:33:38        3.121710        1.539446
MDMin:    5 18:33:38        2.999742        1.503488
MDMin:    6 18:33:38        2.917876        1.471613
MDMin:    7 18:33:38        2.859924        1.441125
MDMin:    8 18:33:38        2.818478        1.410669
MDMin:    9 18:33:38        2.789527        1.379404
MDMin:   10 18:33:38        2.770234        1.346775
MDMin:   11 18:33:38        2.758019        1.312428
MDMin:   12 18:33:38        2.750239        1.276160
MDMin:   13 18:33:38        2.744132        1.237894
MDMin:   14 18:33:38        2.736909        1.197674
MDMin:   15 18:33:38        2.725921        1.155681
MDMin:   16 18:33:38        2.708921        1.112256
MDMin:   17 18:33:38        2.684387        1.067916
MDMin:   18 18:33:38        2.651889        1.023354
MDMin:   19 18:33:38        2.612381        0.979397
       Step     Time          Energy          fmax
MDMin:    0 18:42:19       77.528239       93.528065
MDMin:    1 18:42:19       48.420529       21.184097
MDMin:    2 18:42:19       34.553349        6.992479
MDMin:    3 18:42:19       27.672129       10.503358
MDMin:    4 18:42:19       25.076908        7.234561
MDMin:    5 18:42:19       22.887418        2.531909
MDMin:    6 18:42:19       21.094960        4.298492
MDMin:    7 18:42:19       19.817458        6.044003
MDMin:    8 18:42:19       18.294550        2.992148
MDMin:    9 18:42:19       16.246588        2.705401
MDMin:   10 18:42:19       14.318902        2.165560
MDMin:   11 18:42:19       12.372641        1.703687
MDMin:   12 18:42:19       10.425684        1.809010
MDMin:   13 18:42:19        9.019828        1.864869
MDMin:   14 18:42:19        7.953482        1.892522
MDMin:   15 18:42:19        7.118412        1.904049
MDMin:   16 18:42:19        6.448304        1.908233
MDMin:   17 18:42:19        5.900509        1.910434
MDMin:   18 18:42:19        5.446171        1.912683
MDMin:   19 18:42:19        5.064710        1.914842
MDMin:   20 18:42:19        4.740859        1.916048
MDMin:   21 18:42:19        4.463050        1.915658
MDMin:   22 18:42:19        4.222443        1.913526
MDMin:   23 18:42:19        4.012241        1.909888
MDMin:   24 18:42:19        3.827185        1.905158
MDMin:   25 18:42:20        3.663167        1.899769
MDMin:   26 18:42:20        3.516941        1.894047
MDMin:   27 18:42:20        3.385907        1.888103
MDMin:   28 18:42:20        3.267941        1.881759
MDMin:   29 18:42:20        3.161264        1.874652
MDMin:   30 18:42:20        3.064358        1.866517
MDMin:   31 18:42:20        2.975915        1.857403
MDMin:   32 18:42:20        2.894809        1.847628
MDMin:   33 18:42:20        2.820071        1.837596
MDMin:   34 18:42:20        2.750861        1.827662
MDMin:   35 18:42:20        2.686432        1.818083
MDMin:   36 18:42:20        2.626103        1.808910
MDMin:   37 18:42:20        2.569240        1.799905
MDMin:   38 18:42:20        2.515238        1.791492
MDMin:   39 18:42:20        2.463534        1.783623
MDMin:   40 18:42:20        2.413592        1.776223
MDMin:   41 18:42:20        2.364906        1.769213
MDMin:   42 18:42:20        2.317000        1.762532
MDMin:   43 18:42:20        2.269443        1.756143
MDMin:   44 18:42:20        2.221851        1.750038
MDMin:   45 18:42:20        2.173909        1.744219
MDMin:   46 18:42:20        2.125378        1.738696
MDMin:   47 18:42:20        2.076111        1.733471
MDMin:   48 18:42:20        2.026063        1.728537
MDMin:   49 18:42:20        1.975295        1.723884
MDMin:   50 18:42:20        1.923966        1.719503
MDMin:   51 18:42:20        1.872325        1.715389
MDMin:   52 18:42:20        1.820686        1.711544
MDMin:   53 18:42:20        1.769411        1.707982
MDMin:   54 18:42:20        1.718880        1.704719
MDMin:   55 18:42:20        1.669476        1.701777
MDMin:   56 18:42:20        1.656446        1.707578
MDMin:   57 18:42:20        1.649646        1.707726
MDMin:   58 18:42:20        1.644795        1.699271
MDMin:   59 18:42:20        1.641832        1.691755
MDMin:   60 18:42:20        1.640718        1.676122
MDMin:   61 18:42:20        1.641365        1.651666
MDMin:   62 18:42:20        1.643644        1.618936
MDMin:   63 18:42:20        1.647354        1.579119
MDMin:   64 18:42:20        1.652195        1.533914
MDMin:   65 18:42:20        1.657757        1.493690
MDMin:   66 18:42:20        1.663501        1.451699
MDMin:   67 18:42:20        1.668886        1.409387
MDMin:   68 18:42:20        1.673432        1.367801
MDMin:   69 18:42:20        1.676807        1.327377
MDMin:   70 18:42:20        1.678892        1.288049
MDMin:   71 18:42:20        1.679801        1.249453
MDMin:   72 18:42:20        1.679854        1.211133
MDMin:   73 18:42:20        1.679527        1.172679
MDMin:   74 18:42:20        1.679403        1.133809
MDMin:   75 18:42:20        1.680124        1.097710
MDMin:   76 18:42:20        1.682358        1.092994
MDMin:   77 18:42:20        1.686625        1.087001
MDMin:   78 18:42:20        1.693330        1.079786
MDMin:   79 18:42:20        1.702780        1.848544
MDMin:   80 18:42:20        1.706724        1.831279
MDMin:   81 18:42:20        1.711439        1.813966
MDMin:   82 18:42:20        1.716912        1.796638
MDMin:   83 18:42:20        1.723129        1.779320
MDMin:   84 18:42:20        1.730065        1.762038
MDMin:   85 18:42:20        1.737693        1.744807
MDMin:   86 18:42:20        1.745977        1.727631
MDMin:   87 18:42:20        1.754877        1.710503
MDMin:   88 18:42:20        1.764351        1.693403
MDMin:   89 18:42:20        1.774351        1.676303
MDMin:   90 18:42:20        1.784831        1.659172
MDMin:   91 18:42:20        1.795743        1.641984
MDMin:   92 18:42:20        1.807042        1.624724
MDMin:   93 18:42:20        1.818681        1.607387
MDMin:   94 18:42:20        1.830617        1.589983
MDMin:   95 18:42:20        1.842804        1.572529
MDMin:   96 18:42:20        1.855195        1.555049
MDMin:   97 18:42:20        1.867744        1.537563
MDMin:   98 18:42:20        1.880401        1.520091
MDMin:   99 18:42:21        1.893118        1.502645
MDMin:  100 18:42:21        1.905842        1.485233
       Step     Time          Energy          fmax
MDMin:    0 18:53:29        3.019043        2.270816
MDMin:    1 18:53:29        2.746528        2.010745
MDMin:    2 18:53:29        2.185935        1.688514
MDMin:    3 18:53:29        1.697201        1.369736
MDMin:    4 18:53:29        1.404348        1.162766
MDMin:    5 18:53:29        1.220156        1.027769
MDMin:    6 18:53:29        1.095535        1.005532
MDMin:    7 18:53:29        1.009727        0.980607
       Step     Time          Energy          fmax
MDMin:    0 18:58:01       25.861960       11.893328
MDMin:    1 18:58:01       17.961243        7.055567
MDMin:    2 18:58:01       12.998397        4.871622
MDMin:    3 18:58:01        9.720990        3.454415
MDMin:    4 18:58:01        7.342516        2.465023
MDMin:    5 18:58:01        5.560221        1.804846
MDMin:    6 18:58:01        4.267952        1.434413
MDMin:    7 18:58:01        3.386404        1.224497
MDMin:    8 18:58:01        2.798472        1.096422
MDMin:    9 18:58:01        2.407327        1.046348
MDMin:   10 18:58:01        2.156326        1.019932
MDMin:   11 18:58:01        1.992644        1.002759
MDMin:   12 18:58:01        1.877246        0.985183
       Step     Time          Energy          fmax
MDMin:    0 09:46:12      189.665068       39.694928
MDMin:    1 09:46:12      160.076948       24.290144
MDMin:    2 09:46:12      140.611929       16.254203
MDMin:    3 09:46:12      126.379664       12.664013
MDMin:    4 09:46:12      114.773787       11.035351
MDMin:    5 09:46:12      104.946576        9.848612
MDMin:    6 09:46:12       96.282620        8.840575
MDMin:    7 09:46:12       88.543745        7.938321
MDMin:    8 09:46:12       81.568220        7.127270
MDMin:    9 09:46:12       75.235180        6.407290
MDMin:   10 09:46:12       69.453904        5.777237
MDMin:   11 09:46:12       64.159430        5.231204
MDMin:   12 09:46:12       59.308352        4.759909
MDMin:   13 09:46:12       54.871930        4.352705
MDMin:   14 09:46:12       50.827736        3.999171
MDMin:   15 09:46:12       47.152927        3.690099
MDMin:   16 09:46:12       43.821068        3.417873
MDMin:   17 09:46:12       40.802123        3.176424
MDMin:   18 09:46:12       38.064084        2.960951
MDMin:   19 09:46:12       35.574884        2.767614
MDMin:   20 09:46:12       33.304051        2.593295
MDMin:   21 09:46:12       31.224211        2.435447
MDMin:   22 09:46:12       29.312455        2.292006
MDMin:   23 09:46:12       27.550964        2.161288
MDMin:   24 09:46:12       25.926305        2.041879
MDMin:   25 09:46:12       24.427768        1.967897
MDMin:   26 09:46:12       23.069669        1.906827
MDMin:   27 09:46:12       21.839739        1.846344
MDMin:   28 09:46:12       20.719073        1.787246
MDMin:   29 09:46:12       19.692025        1.730091
MDMin:   30 09:46:12       18.745608        1.675244
MDMin:   31 09:46:12       17.869044        1.622918
MDMin:   32 09:46:12       17.053386        1.573204
MDMin:   33 09:46:12       16.291190        1.526099
MDMin:   34 09:46:12       15.576269        1.481530
MDMin:   35 09:46:12       14.903492        1.439373
MDMin:   36 09:46:12       14.268618        1.399464
MDMin:   37 09:46:12       13.668137        1.361613
MDMin:   38 09:46:12       13.099133        1.325618
MDMin:   39 09:46:12       12.559159        1.291269
MDMin:   40 09:46:12       12.046142        1.258356
MDMin:   41 09:46:12       11.558290        1.226674
MDMin:   42 09:46:12       11.094018        1.196031
MDMin:   43 09:46:12       10.651887        1.166253
MDMin:   44 09:46:12       10.230550        1.137191
MDMin:   45 09:46:12        9.828723        1.108736
MDMin:   46 09:46:12        9.445168        1.080821
MDMin:   47 09:46:13        9.078695        1.053428
MDMin:   48 09:46:13        8.728169        1.026580
MDMin:   49 09:46:13        8.392529        1.000335
MDMin:   50 09:46:13        8.070808        0.974768
       Step     Time          Energy          fmax
MDMin:    0 10:03:28     3022.437903      393.198174
MDMin:    1 10:03:28     2313.489285      256.459365
MDMin:    2 10:03:28     1727.700001      162.176592
MDMin:    3 10:03:28     1271.390380      102.786366
MDMin:    4 10:03:28     1183.884679       19.920323
MDMin:    5 10:03:28     1160.569921       44.560251
MDMin:    6 10:03:28     1100.769920       34.882942
MDMin:    7 10:03:28     1048.184096       28.268754
MDMin:    8 10:03:28      970.262530       43.942760
MDMin:    9 10:03:28      890.648952       55.957560
MDMin:   10 10:03:28      801.008293       67.255693
MDMin:   11 10:03:28      709.621503       61.316112
MDMin:   12 10:03:28      653.285168       48.465917
MDMin:   13 10:03:28      550.164054       33.884446
MDMin:   14 10:03:28      458.431507       24.369095
MDMin:   15 10:03:28      374.138211       18.836146
MDMin:   16 10:03:28      307.005388       13.596945
MDMin:   17 10:03:28      250.159103       10.700118
MDMin:   18 10:03:28      206.681928        8.595517
MDMin:   19 10:03:28      172.649022        6.895150
MDMin:   20 10:03:28      145.574887        5.588752
MDMin:   21 10:03:28      123.548283        4.579045
MDMin:   22 10:03:28      105.432478        3.805076
MDMin:   23 10:03:28       90.471879        3.172123
MDMin:   24 10:03:28       77.937793        2.809624
MDMin:   25 10:03:28       67.913631        2.698596
MDMin:   26 10:03:28       60.287413        2.631492
MDMin:   27 10:03:28       54.339889        2.589909
MDMin:   28 10:03:28       49.594593        2.562640
MDMin:   29 10:03:28       45.729148        2.542960
MDMin:   30 10:03:28       42.520631        2.526950
MDMin:   31 10:03:28       39.811635        2.512439
MDMin:   32 10:03:28       37.488906        2.498318
MDMin:   33 10:03:28       35.469641        2.484093
MDMin:   34 10:03:28       33.692460        2.469583
MDMin:   35 10:03:28       32.111307        2.454740
MDMin:   36 10:03:28       30.691208        2.439543
MDMin:   37 10:03:28       29.405272        2.423958
MDMin:   38 10:03:28       28.232535        2.407916
MDMin:   39 10:03:28       27.156418        2.391328
MDMin:   40 10:03:28       26.163601        2.374095
MDMin:   41 10:03:28       25.243219        2.312425
MDMin:   42 10:03:28       24.325455        2.297598
MDMin:   43 10:03:28       23.474815        2.281749
MDMin:   44 10:03:28       22.682903        2.264848
MDMin:   45 10:03:28       21.942571        2.246892
MDMin:   46 10:03:28       21.247591        2.227910
MDMin:   47 10:03:28       20.592450        2.207963
MDMin:   48 10:03:28       19.972252        2.187145
MDMin:   49 10:03:28       19.382699        2.165584
MDMin:   50 10:03:28       18.820091        2.143434
MDMin:   51 10:03:28       18.281318        2.120877
MDMin:   52 10:03:28       17.763819        2.098105
MDMin:   53 10:03:28       17.265500        2.075315
MDMin:   54 10:03:28       16.784645        2.052699
MDMin:   55 10:03:28       16.319832        1.990796
MDMin:   56 10:03:28       15.846163        1.970212
MDMin:   57 10:03:28       15.390977        1.950238
MDMin:   58 10:03:28       14.952229        1.931018
MDMin:   59 10:03:28       14.528421        1.912671
MDMin:   60 10:03:28       14.118387        1.895290
MDMin:   61 10:03:28       13.721190        1.878949
MDMin:   62 10:03:28       13.336055        1.863700
MDMin:   63 10:03:28       12.962334        1.849578
MDMin:   64 10:03:28       12.599469        1.836593
MDMin:   65 10:03:29       12.246980        1.824739
MDMin:   66 10:03:29       11.904441        1.813986
MDMin:   67 10:03:29       11.571469        1.804286
MDMin:   68 10:03:29       11.247717        1.795566
MDMin:   69 10:03:29       10.932863        1.787733
MDMin:   70 10:03:29       10.626607        1.780671
MDMin:   71 10:03:29       10.328668        1.774245
MDMin:   72 10:03:29       10.085047        1.765338
MDMin:   73 10:03:29        9.930908        1.751826
MDMin:   74 10:03:29        9.777713        1.738908
MDMin:   75 10:03:29        9.625384        1.726524
MDMin:   76 10:03:29        9.473839        1.714616
MDMin:   77 10:03:29        9.322988        1.703130
MDMin:   78 10:03:29        9.172727        1.692016
MDMin:   79 10:03:29        9.022937        1.657265
MDMin:   80 10:03:29        8.796856        1.634897
MDMin:   81 10:03:29        8.595616        1.614444
MDMin:   82 10:03:29        8.408116        1.595316
MDMin:   83 10:03:29        8.229472        1.567849
MDMin:   84 10:03:29        8.093621        1.546492
MDMin:   85 10:03:29        7.917866        1.529130
MDMin:   86 10:03:29        7.748048        1.504435
MDMin:   87 10:03:29        7.612489        1.484223
MDMin:   88 10:03:29        7.444771        1.468319
MDMin:   89 10:03:29        7.281716        1.445385
MDMin:   90 10:03:29        7.146617        1.426932
MDMin:   91 10:03:29        6.985751        1.412308
MDMin:   92 10:03:29        6.851613        1.387618
MDMin:   93 10:03:29        6.693472        1.373534
MDMin:   94 10:03:29        6.539685        1.359702
MDMin:   95 10:03:29        6.407309        1.337146
MDMin:   96 10:03:29        6.257048        1.324348
MDMin:   97 10:03:29        6.111109        1.310895
MDMin:   98 10:03:29        5.982152        1.291093
MDMin:   99 10:03:29        5.840781        1.279524
MDMin:  100 10:03:29        5.703824        1.265775
       Step     Time          Energy          fmax
MDMin:    0 10:19:49       33.028697       29.580799
MDMin:    1 10:19:49       24.754356       15.659124
MDMin:    2 10:19:49       19.594327        9.574691
MDMin:    3 10:19:49       16.021159        6.556720
MDMin:    4 10:19:49       13.399313        4.933031
MDMin:    5 10:19:49       11.386121        3.951474
MDMin:    6 10:19:49        9.797939        3.281903
MDMin:    7 10:19:49        8.539756        2.813595
MDMin:    8 10:19:49        7.536616        2.479036
MDMin:    9 10:19:49        6.726789        2.231351
MDMin:   10 10:19:49        6.062874        2.041545
MDMin:   11 10:19:49        5.508956        1.891410
MDMin:   12 10:19:49        5.037939        1.768974
MDMin:   13 10:19:49        4.629700        1.666170
MDMin:   14 10:19:49        4.269722        1.577509
MDMin:   15 10:19:49        3.947864        1.513652
MDMin:   16 10:19:49        3.659887        1.476105
MDMin:   17 10:19:49        3.403569        1.434206
MDMin:   18 10:19:49        3.172557        1.388968
MDMin:   19 10:19:49        2.962379        1.341493
MDMin:   20 10:19:49        2.769662        1.292854
MDMin:   21 10:19:49        2.591729        1.244013
MDMin:   22 10:19:49        2.426429        1.195780
MDMin:   23 10:19:49        2.272110        1.148800
MDMin:   24 10:19:49        2.127638        1.103552
MDMin:   25 10:19:49        1.992408        1.065270
MDMin:   26 10:19:49        1.866852        1.036731
MDMin:   27 10:19:49        1.751876        1.007194
MDMin:   28 10:19:49        1.647153        0.976784
       Step     Time          Energy          fmax
MDMin:    0 10:20:55      165.754148       45.916322
MDMin:    1 10:20:55      123.535260       25.942307
MDMin:    2 10:20:55       89.766221       16.225547
MDMin:    3 10:20:55       64.703000       10.683102
MDMin:    4 10:20:55       47.284335        7.254847
MDMin:    5 10:20:55       35.777416        5.381556
MDMin:    6 10:20:55       29.029119        4.382352
MDMin:    7 10:20:55       24.840619        3.764176
MDMin:    8 10:20:55       21.850714        3.352706
MDMin:    9 10:20:55       19.585786        3.057238
MDMin:   10 10:20:55       17.818827        2.832123
MDMin:   11 10:20:55       16.407834        2.652567
MDMin:   12 10:20:55       15.254228        2.503720
MDMin:   13 10:20:55       14.286419        2.375989
MDMin:   14 10:20:55       13.451365        2.262888
MDMin:   15 10:20:55       12.709840        2.159974
MDMin:   16 10:20:56       12.033579        2.064270
MDMin:   17 10:20:56       11.403144        1.973872
MDMin:   18 10:20:56       10.805974        1.887653
MDMin:   19 10:20:56       10.234678        1.805029
MDMin:   20 10:20:56        9.685681        1.725791
MDMin:   21 10:20:56        9.158107        1.649965
MDMin:   22 10:20:56        8.652723        1.577677
MDMin:   23 10:20:56        8.170889        1.509048
MDMin:   24 10:20:56        7.713649        1.444099
MDMin:   25 10:20:56        7.281168        1.382726
MDMin:   26 10:20:56        6.872623        1.324714
MDMin:   27 10:20:56        6.486483        1.269789
MDMin:   28 10:20:56        6.120912        1.217665
MDMin:   29 10:20:56        5.774083        1.168081
MDMin:   30 10:20:56        5.444306        1.120810
MDMin:   31 10:20:56        5.130039        1.075659
MDMin:   32 10:20:56        4.829893        1.032474
MDMin:   33 10:20:56        4.542666        0.991140
       Step     Time          Energy          fmax
MDMin:    0 10:26:59      363.925263      108.104121
MDMin:    1 10:26:59      297.646782       61.516316
MDMin:    2 10:26:59      242.433200       46.905511
MDMin:    3 10:26:59      201.415361       36.853110
MDMin:    4 10:26:59      169.006075       29.279286
MDMin:    5 10:26:59      142.912234        9.594622
MDMin:    6 10:26:59      135.488978        6.232464
MDMin:    7 10:26:59      126.840826       11.264184
MDMin:    8 10:26:59      115.228915       12.441961
MDMin:    9 10:26:59      101.873158       13.370406
MDMin:   10 10:26:59       96.222456       14.248793
MDMin:   11 10:26:59       83.393586       11.626836
MDMin:   12 10:26:59       72.836664        9.882529
MDMin:   13 10:26:59       63.651385        8.123203
MDMin:   14 10:26:59       55.456508        6.517007
MDMin:   15 10:26:59       48.160634        5.268855
MDMin:   16 10:26:59       41.854219        4.387609
MDMin:   17 10:26:59       36.604806        3.682997
MDMin:   18 10:26:59       32.241347        3.087978
MDMin:   19 10:26:59       28.571923        2.804375
MDMin:   20 10:26:59       25.672364        2.707406
MDMin:   21 10:26:59       23.428537        2.611132
MDMin:   22 10:26:59       21.611153        2.516449
MDMin:   23 10:26:59       20.087354        2.423825
MDMin:   24 10:26:59       18.775058        2.333619
MDMin:   25 10:26:59       17.621163        2.246106
MDMin:   26 10:26:59       16.590168        2.161487
MDMin:   27 10:26:59       15.657774        2.079905
MDMin:   28 10:26:59       14.807005        2.001450
MDMin:   29 10:26:59       14.025687        1.936810
MDMin:   30 10:26:59       13.308629        1.897712
MDMin:   31 10:26:59       12.655605        1.854706
MDMin:   32 10:26:59       12.056282        1.809226
MDMin:   33 10:26:59       11.502696        1.762383
MDMin:   34 10:26:59       10.988515        1.714950
MDMin:   35 10:26:59       10.508584        1.667412
MDMin:   36 10:26:59       10.058642        1.620045
MDMin:   37 10:26:59        9.635134        1.572997
MDMin:   38 10:26:59        9.235058        1.526346
MDMin:   39 10:26:59        8.855830        1.480144
MDMin:   40 10:26:59        8.495149        1.434437
MDMin:   41 10:26:59        8.150893        1.389285
MDMin:   42 10:26:59        7.821055        1.344767
MDMin:   43 10:26:59        7.503734        1.300987
MDMin:   44 10:26:59        7.197176        1.258076
MDMin:   45 10:26:59        6.899836        1.216191
MDMin:   46 10:26:59        6.610451        1.175517
MDMin:   47 10:26:59        6.328076        1.136256
MDMin:   48 10:26:59        6.052089        1.098621
MDMin:   49 10:26:59        5.782159        1.062823
MDMin:   50 10:26:59        5.518185        1.029062
MDMin:   51 10:26:59        5.260212        0.997523
       Step     Time          Energy          fmax
MDMin:    0 10:31:14      106.427709       39.450082
MDMin:    1 10:31:14       80.897946       22.397306
MDMin:    2 10:31:14       59.887923       14.073806
MDMin:    3 10:31:14       44.540880        9.075587
MDMin:    4 10:31:14       33.549328        6.251725
MDMin:    5 10:31:14       25.650431        4.577532
MDMin:    6 10:31:14       20.665730        3.453294
MDMin:    7 10:31:14       17.221522        3.026882
MDMin:    8 10:31:14       14.895340        2.740400
MDMin:    9 10:31:14       13.205067        2.536354
MDMin:   10 10:31:14       11.928662        2.382432
MDMin:   11 10:31:14       10.937630        2.260188
MDMin:   12 10:31:14       10.148738        2.158705
MDMin:   13 10:31:14        9.504215        2.071155
MDMin:   14 10:31:14        8.962990        1.993154
MDMin:   15 10:31:14        8.496123        1.921906
MDMin:   16 10:31:14        8.083481        1.855621
MDMin:   17 10:31:14        7.710935        1.793107
MDMin:   18 10:31:14        7.368277        1.733509
MDMin:   19 10:31:14        7.047931        1.676185
MDMin:   20 10:31:14        6.744240        1.620655
MDMin:   21 10:31:14        6.453063        1.566581
MDMin:   22 10:31:14        6.171504        1.513749
MDMin:   23 10:31:14        5.897664        1.462054
MDMin:   24 10:31:14        5.630402        1.411467
MDMin:   25 10:31:14        5.369115        1.362011
MDMin:   26 10:31:14        5.113561        1.313738
MDMin:   27 10:31:14        4.863750        1.266703
MDMin:   28 10:31:14        4.619880        1.220955
MDMin:   29 10:31:14        4.382284        1.176526
MDMin:   30 10:31:14        4.151389        1.133423
MDMin:   31 10:31:14        3.927644        1.091627
MDMin:   32 10:31:14        3.711444        1.051090
MDMin:   33 10:31:14        3.503059        1.011739
MDMin:   34 10:31:14        3.302576        0.973479
       Step     Time          Energy          fmax
MDMin:    0 10:40:12       11.606127       11.583381
MDMin:    1 10:40:12        8.806644        6.766169
MDMin:    2 10:40:12        6.651616        4.814243
MDMin:    3 10:40:12        5.139481        3.600408
MDMin:    4 10:40:12        4.026704        2.422848
MDMin:    5 10:40:12        3.359855        1.756651
MDMin:    6 10:40:12        2.783473        1.679952
MDMin:    7 10:40:12        2.354689        1.609841
MDMin:    8 10:40:12        2.026561        1.557045
MDMin:    9 10:40:12        1.769240        1.516153
MDMin:   10 10:40:12        1.562495        1.482378
MDMin:   11 10:40:12        1.392772        1.452549
MDMin:   12 10:40:12        1.250882        1.424764
MDMin:   13 10:40:12        1.130437        1.397944
MDMin:   14 10:40:12        1.026879        1.371505
MDMin:   15 10:40:12        0.936870        1.345150
MDMin:   16 10:40:12        0.857906        1.318751
MDMin:   17 10:40:12        0.788075        1.292269
MDMin:   18 10:40:12        0.725885        1.265717
MDMin:   19 10:40:12        0.670158        1.239135
MDMin:   20 10:40:12        0.619948        1.212575
MDMin:   21 10:40:12        0.574489        1.186093
MDMin:   22 10:40:12        0.533149        1.159746
MDMin:   23 10:40:12        0.495407        1.133589
MDMin:   24 10:40:12        0.460826        1.107673
MDMin:   25 10:40:12        0.429037        1.082048
MDMin:   26 10:40:12        0.399730        1.056757
MDMin:   27 10:40:12        0.372636        1.031841
MDMin:   28 10:40:12        0.347528        1.007339
MDMin:   29 10:40:12        0.324209        0.983284
       Step     Time          Energy          fmax
MDMin:    0 10:44:20       27.118746       17.298302
MDMin:    1 10:44:20       19.034084        9.808685
MDMin:    2 10:44:20       13.381821        5.883395
MDMin:    3 10:44:20        9.460107        3.877279
MDMin:    4 10:44:20        6.975442        2.690013
MDMin:    5 10:44:20        5.322905        1.906974
MDMin:    6 10:44:20        4.165327        1.679711
MDMin:    7 10:44:20        3.479156        1.616027
MDMin:    8 10:44:20        3.042904        1.560038
MDMin:    9 10:44:20        2.731737        1.508182
MDMin:   10 10:44:20        2.489810        1.456369
MDMin:   11 10:44:20        2.286135        1.402349
MDMin:   12 10:44:20        2.103447        1.345871
MDMin:   13 10:44:20        1.933264        1.288011
MDMin:   14 10:44:20        1.772336        1.230310
MDMin:   15 10:44:20        1.620091        1.174156
MDMin:   16 10:44:20        1.477051        1.120543
MDMin:   17 10:44:20        1.343960        1.070033
MDMin:   18 10:44:20        1.221348        1.022830
MDMin:   19 10:44:20        1.109359        0.978872
       Step     Time          Energy          fmax
MDMin:    0 10:47:18        3.902798        1.747065
MDMin:    1 10:47:18        3.740386        1.709938
MDMin:    2 10:47:18        3.318271        1.612465
MDMin:    3 10:47:18        2.801864        1.490851
MDMin:    4 10:47:19        2.383431        1.389005
MDMin:    5 10:47:19        2.126372        1.309383
MDMin:    6 10:47:19        1.985825        1.247564
MDMin:    7 10:47:19        1.935176        1.209972
MDMin:    8 10:47:19        1.951894        1.170206
MDMin:    9 10:47:19        2.013146        1.139139
MDMin:   10 10:47:19        2.097431        1.121637
MDMin:   11 10:47:19        2.186848        1.102697
MDMin:   12 10:47:19        2.271714        1.082038
MDMin:   13 10:47:19        2.348416        1.059871
MDMin:   14 10:47:19        2.416546        1.036603
MDMin:   15 10:47:19        2.476206        1.012551
MDMin:   16 10:47:19        2.526240        0.987761
       Step     Time          Energy          fmax
MDMin:    0 10:55:20        4.606599        2.153325
MDMin:    1 10:55:20        4.547223        2.125102
MDMin:    2 10:55:20        4.409731        2.057476
MDMin:    3 10:55:20        4.287012        1.980267
MDMin:    4 10:55:20        4.236092        1.918039
MDMin:    5 10:55:20        4.221004        1.861736
MDMin:    6 10:55:20        4.219541        1.808911
MDMin:    7 10:55:20        4.218134        1.758476
MDMin:    8 10:55:20        4.209780        1.709471
MDMin:    9 10:55:20        4.192765        1.661154
MDMin:   10 10:55:20        4.169613        1.613254
MDMin:   11 10:55:20        4.145460        1.565906
MDMin:   12 10:55:20        4.125632        1.519365
MDMin:   13 10:55:20        4.113433        1.473829
MDMin:   14 10:55:20        4.109211        1.429412
MDMin:   15 10:55:20        4.110682        1.386178
MDMin:   16 10:55:20        4.113798        1.344128
MDMin:   17 10:55:20        4.113581        1.303187
MDMin:   18 10:55:20        4.104761        1.263196
MDMin:   19 10:55:20        4.082307        1.223933
MDMin:   20 10:55:20        4.041973        1.185153
MDMin:   21 10:55:20        3.980877        1.146631
MDMin:   22 10:55:20        3.898004        1.108204
MDMin:   23 10:55:20        3.794409        1.069780
MDMin:   24 10:55:20        3.673024        1.031334
MDMin:   25 10:55:20        3.538072        0.992888
       Step     Time          Energy          fmax
MDMin:    0 11:09:19     2285.001745      265.146111
MDMin:    1 11:09:19     1875.183068      204.021487
MDMin:    2 11:09:19     1563.348642      164.333127
MDMin:    3 11:09:19     1320.439197      130.854983
MDMin:    4 11:09:19     1121.098424      102.053163
MDMin:    5 11:09:19      952.359078       58.435151
MDMin:    6 11:09:19      900.528885       25.644365
MDMin:    7 11:09:19      863.704933       46.044941
MDMin:    8 11:09:19      813.818410       61.655964
MDMin:    9 11:09:19      767.789170       67.754897
MDMin:   10 11:09:19      754.308237       66.458600
MDMin:   11 11:09:19      683.236226       59.954471
MDMin:   12 11:09:19      644.302472       51.309746
MDMin:   13 11:09:19      583.371219       41.846376
MDMin:   14 11:09:19      522.403221       33.068797
MDMin:   15 11:09:19      457.742108       27.301010
MDMin:   16 11:09:19      397.368435       23.496626
MDMin:   17 11:09:19      346.839244       20.628744
MDMin:   18 11:09:19      303.730629       18.152032
MDMin:   19 11:09:19      266.930768       15.928625
MDMin:   20 11:09:19      235.545187       13.798946
MDMin:   21 11:09:19      208.562180       12.087680
MDMin:   22 11:09:19      185.303815       10.663820
MDMin:   23 11:09:19      165.220498        9.286788
MDMin:   24 11:09:19      147.655877        8.056089
MDMin:   25 11:09:19      132.154081        7.168464
MDMin:   26 11:09:19      118.581835        6.407451
MDMin:   27 11:09:19      106.670117        5.597492
MDMin:   28 11:09:19       95.946238        5.050390
MDMin:   29 11:09:19       86.517953        4.533253
MDMin:   30 11:09:19       78.126922        4.140893
MDMin:   31 11:09:19       70.747954        3.806447
MDMin:   32 11:09:19       64.252413        3.551331
MDMin:   33 11:09:19       58.573902        3.415754
MDMin:   34 11:09:19       53.707893        3.308397
MDMin:   35 11:09:19       49.511972        3.223669
MDMin:   36 11:09:19       45.871099        3.156894
MDMin:   37 11:09:19       42.691924        3.104195
MDMin:   38 11:09:19       39.898470        3.062389
MDMin:   39 11:09:19       37.428752        3.028881
MDMin:   40 11:09:19       35.232068        3.001571
MDMin:   41 11:09:19       33.266819        2.978769
MDMin:   42 11:09:19       31.498755        2.959123
MDMin:   43 11:09:19       29.899560        2.941559
MDMin:   44 11:09:19       28.445724        2.925239
MDMin:   45 11:09:19       27.117642        2.909519
MDMin:   46 11:09:19       25.898888        2.893921
MDMin:   47 11:09:19       24.775631        2.878109
MDMin:   48 11:09:20       23.736169        2.861860
MDMin:   49 11:09:20       22.770539        2.845048
MDMin:   50 11:09:20       21.870206        2.827618
MDMin:   51 11:09:20       21.027811        2.809568
MDMin:   52 11:09:20       20.236966        2.722816
MDMin:   53 11:09:20       19.451331        2.708529
MDMin:   54 11:09:20       18.715038        2.693638
MDMin:   55 11:09:20       18.022112        2.678057
MDMin:   56 11:09:20       17.367556        2.661747
MDMin:   57 11:09:20       16.747159        2.644674
MDMin:   58 11:09:20       16.157352        2.626782
MDMin:   59 11:09:20       15.595111        2.607982
MDMin:   60 11:09:20       15.057863        2.588145
MDMin:   61 11:09:20       14.543415        2.567101
MDMin:   62 11:09:20       14.049881        2.544653
MDMin:   63 11:09:20       13.654478        2.524648
MDMin:   64 11:09:20       13.362812        2.509587
MDMin:   65 11:09:20       13.080815        2.495134
MDMin:   66 11:09:20       12.808224        2.481112
MDMin:   67 11:09:20       12.544736        2.467418
MDMin:   68 11:09:20       12.290026        2.453998
MDMin:   69 11:09:20       12.043764        2.440830
MDMin:   70 11:09:20       11.805623        2.427905
MDMin:   71 11:09:20       11.575286        2.415219
MDMin:   72 11:09:20       11.352447        2.334846
MDMin:   73 11:09:20       11.086636        2.356250
MDMin:   74 11:09:20       10.877357        2.263959
MDMin:   75 11:09:20       10.624760        2.242241
MDMin:   76 11:09:20       10.381831        2.252237
MDMin:   77 11:09:20       10.190103        2.172529
MDMin:   78 11:09:20        9.957804        2.151443
MDMin:   79 11:09:20        9.733785        2.152343
MDMin:   80 11:09:20        9.557218        2.084160
MDMin:   81 11:09:20        9.341956        2.097887
MDMin:   82 11:09:20        9.174824        2.018516
MDMin:   83 11:09:20        8.967470        1.998037
MDMin:   84 11:09:20        8.766884        2.005774
MDMin:   85 11:09:20        8.612342        1.934976
MDMin:   86 11:09:20        8.418346        1.914963
MDMin:   87 11:09:20        8.230377        1.919403
MDMin:   88 11:09:20        8.087237        1.854722
MDMin:   89 11:09:20        7.904803        1.872657
MDMin:   90 11:09:20        7.769097        1.796446
MDMin:   91 11:09:20        7.591719        1.777237
MDMin:   92 11:09:20        7.419611        1.795834
MDMin:   93 11:09:20        7.294006        1.721955
MDMin:   94 11:09:20        7.126121        1.703317
MDMin:   95 11:09:20        6.963089        1.725132
MDMin:   96 11:09:20        6.846823        1.651139
MDMin:   97 11:09:20        6.687267        1.633155
MDMin:   98 11:09:20        6.532226        1.660515
MDMin:   99 11:09:20        6.424551        1.584202
MDMin:  100 11:09:20        6.272283        1.566983
       Step     Time          Energy          fmax
MDMin:    0 11:22:29        4.058697        1.893319
MDMin:    1 11:22:29        3.952531        1.841430
MDMin:    2 11:22:29        3.677220        1.716162
MDMin:    3 11:22:29        3.334774        1.700825
MDMin:    4 11:22:29        3.060708        1.676634
MDMin:    5 11:22:29        2.859971        1.648248
MDMin:    6 11:22:29        2.704488        1.617343
MDMin:    7 11:22:29        2.579958        1.584901
MDMin:    8 11:22:29        2.477951        1.551515
MDMin:    9 11:22:29        2.392802        1.517553
MDMin:   10 11:22:29        2.320332        1.483254
MDMin:   11 11:22:29        2.257339        1.448786
MDMin:   12 11:22:29        2.201392        1.414280
MDMin:   13 11:22:29        2.150690        1.379846
MDMin:   14 11:22:29        2.103927        1.345576
MDMin:   15 11:22:29        2.060160        1.311543
MDMin:   16 11:22:29        2.018695        1.277797
MDMin:   17 11:22:29        1.979018        1.244375
MDMin:   18 11:22:29        1.940729        1.211293
MDMin:   19 11:22:29        1.903502        1.178557
MDMin:   20 11:22:29        1.867058        1.146161
MDMin:   21 11:22:29        1.831156        1.114094
MDMin:   22 11:22:29        1.795605        1.082340
MDMin:   23 11:22:29        1.760287        1.050883
MDMin:   24 11:22:29        1.725186        1.019714
MDMin:   25 11:22:29        1.690400        0.988829
       Step     Time          Energy          fmax
MDMin:    0 11:32:08      131.909590       54.700089
MDMin:    1 11:32:08       66.664159       14.475439
MDMin:    2 11:32:08       40.524594        9.570474
MDMin:    3 11:32:08       30.920765        6.449995
MDMin:    4 11:32:08       24.190801        4.387642
MDMin:    5 11:32:08       19.546112        3.385228
MDMin:    6 11:32:08       16.639153        2.701267
MDMin:    7 11:32:08       14.683068        2.175964
MDMin:    8 11:32:08       13.195850        1.898563
MDMin:    9 11:32:08       12.037560        1.751966
MDMin:   10 11:32:08       11.110651        1.673367
MDMin:   11 11:32:08       10.348779        1.654085
MDMin:   12 11:32:08        9.717885        1.636587
MDMin:   13 11:32:08        9.183194        1.607054
MDMin:   14 11:32:08        8.723029        1.565183
MDMin:   15 11:32:08        8.324248        1.512098
MDMin:   16 11:32:08        7.977072        1.450184
MDMin:   17 11:32:08        7.672666        1.382806
MDMin:   18 11:32:08        7.402145        1.313838
MDMin:   19 11:32:08        7.156443        1.246928
MDMin:   20 11:32:08        6.926557        1.199499
MDMin:   21 11:32:08        6.706387        1.175162
MDMin:   22 11:32:08        6.490561        1.150303
MDMin:   23 11:32:08        6.270732        1.124482
MDMin:   24 11:32:08        6.041528        1.100065
MDMin:   25 11:32:08        5.802436        1.088864
MDMin:   26 11:32:09        5.559883        1.074276
MDMin:   27 11:32:09        5.318840        1.054535
MDMin:   28 11:32:09        5.083968        1.029636
MDMin:   29 11:32:09        4.859014        1.000331
MDMin:   30 11:32:09        4.646580        0.967564
       Step     Time          Energy          fmax
MDMin:    0 11:48:41       46.783828       19.422166
MDMin:    1 11:48:41       33.924447       10.074019
MDMin:    2 11:48:41       24.633831        7.688019
MDMin:    3 11:48:41       19.321373        4.859291
MDMin:    4 11:48:41       15.596049        3.054093
MDMin:    5 11:48:41       13.028284        2.360007
MDMin:    6 11:48:41       11.432752        2.188416
MDMin:    7 11:48:41       10.367999        2.002478
MDMin:    8 11:48:41        9.529335        1.896725
MDMin:    9 11:48:41        8.849651        1.865654
MDMin:   10 11:48:41        8.294422        1.824104
MDMin:   11 11:48:41        7.820930        1.772113
MDMin:   12 11:48:41        7.404534        1.712448
MDMin:   13 11:48:41        7.029395        1.648575
MDMin:   14 11:48:41        6.684223        1.583519
MDMin:   15 11:48:41        6.361064        1.519523
MDMin:   16 11:48:41        6.055293        1.462740
MDMin:   17 11:48:41        5.766539        1.427434
MDMin:   18 11:48:41        5.499389        1.390242
MDMin:   19 11:48:41        5.254352        1.352424
MDMin:   20 11:48:41        5.031604        1.314880
MDMin:   21 11:48:41        4.830159        1.278148
MDMin:   22 11:48:41        4.648262        1.242492
MDMin:   23 11:48:41        4.484230        1.208026
MDMin:   24 11:48:41        4.336822        1.174790
MDMin:   25 11:48:41        4.205030        1.142790
MDMin:   26 11:48:41        4.087721        1.111997
MDMin:   27 11:48:41        3.983452        1.082344
MDMin:   28 11:48:41        3.890444        1.053727
MDMin:   29 11:48:41        3.806726        1.026008
MDMin:   30 11:48:41        3.730372        0.999039
       Step     Time          Energy          fmax
MDMin:    0 11:58:31    29763.624029   583278.057153
MDMin:    1 11:58:31     1431.531048      142.342997
MDMin:    2 11:58:31     1431.071673     8121.405913
MDMin:    3 11:58:31      329.666346     1923.666786
MDMin:    4 11:58:31      209.464086      282.779689
MDMin:    5 11:58:31      156.759551       52.388902
MDMin:    6 11:58:31      124.629033       28.615786
MDMin:    7 11:58:31      100.565505       17.712985
MDMin:    8 11:58:31       81.948252       11.701157
MDMin:    9 11:58:31       67.736803        8.140838
MDMin:   10 11:58:31       56.762884        5.975857
MDMin:   11 11:58:31       48.124243        4.633054
MDMin:   12 11:58:31       41.185193        3.787243
MDMin:   13 11:58:31       35.525040        3.254514
MDMin:   14 11:58:31       30.849561        2.922089
MDMin:   15 11:58:31       26.928647        2.708306
MDMin:   16 11:58:31       23.570498        2.729876
MDMin:   17 11:58:31       20.777696        2.276826
MDMin:   18 11:58:31       18.343989        2.291877
MDMin:   19 11:58:31       16.776923        2.293645
MDMin:   20 11:58:31       15.481483        2.316850
MDMin:   21 11:58:31       14.400550        2.345027
MDMin:   22 11:58:31       13.485288        2.373337
MDMin:   23 11:58:31       12.698862        2.400359
MDMin:   24 11:58:31       12.014000        2.424655
MDMin:   25 11:58:31       11.410114        2.446562
MDMin:   26 11:58:31       10.871798        2.466564
MDMin:   27 11:58:31       10.387359        2.484574
MDMin:   28 11:58:31        9.947706        2.500549
MDMin:   29 11:58:31        9.545683        2.514508
MDMin:   30 11:58:31        9.175603        2.526536
MDMin:   31 11:58:31        8.832900        2.535939
MDMin:   32 11:58:31        8.513779        2.543295
MDMin:   33 11:58:31        8.215196        2.549376
MDMin:   34 11:58:31        7.934708        2.554492
MDMin:   35 11:58:31        7.670303        2.558985
MDMin:   36 11:58:31        7.420307        2.563201
MDMin:   37 11:58:31        7.183329        2.567410
MDMin:   38 11:58:31        6.958196        2.571687
MDMin:   39 11:58:31        6.743908        2.575763
MDMin:   40 11:58:31        6.539582        2.578983
MDMin:   41 11:58:31        6.344414        2.580500
MDMin:   42 11:58:31        6.157649        2.579691
MDMin:   43 11:58:31        5.978589        2.575043
MDMin:   44 11:58:31        5.806518        2.567533
MDMin:   45 11:58:31        5.640865        2.558593
MDMin:   46 11:58:31        5.481204        2.548811
MDMin:   47 11:58:31        5.327186        2.538651
MDMin:   48 11:58:31        5.178523        2.527792
MDMin:   49 11:58:31        5.034936        2.514764
MDMin:   50 11:58:31        4.896092        2.502058
MDMin:   51 11:58:31        4.761828        2.489781
MDMin:   52 11:58:31        4.632001        2.477995
MDMin:   53 11:58:31        4.506481        2.466723
MDMin:   54 11:58:31        4.385151        2.455962
MDMin:   55 11:58:31        4.267901        2.445682
MDMin:   56 11:58:31        4.154629        2.435644
MDMin:   57 11:58:31        4.045227        2.425980
MDMin:   58 11:58:31        3.939599        2.416640
MDMin:   59 11:58:31        3.837655        2.407569
MDMin:   60 11:58:31        3.739303        2.397992
MDMin:   61 11:58:31        3.644428        2.388488
MDMin:   62 11:58:31        3.552942        2.379131
MDMin:   63 11:58:31        3.464763        2.369900
MDMin:   64 11:58:31        3.379809        2.360783
MDMin:   65 11:58:31        3.298003        2.351777
MDMin:   66 11:58:31        3.219263        2.342885
MDMin:   67 11:58:31        3.143511        2.334117
MDMin:   68 11:58:31        3.070669        2.325484
MDMin:   69 11:58:31        3.000657        2.316999
MDMin:   70 11:58:32        2.933396        2.308361
MDMin:   71 11:58:32        2.868796        2.298468
MDMin:   72 11:58:32        2.806740        2.288768
MDMin:   73 11:58:32        2.747149        2.279273
MDMin:   74 11:58:32        2.689940        2.269993
MDMin:   75 11:58:32        2.635026        2.260598
MDMin:   76 11:58:32        2.582304        2.251411
MDMin:   77 11:58:32        2.531674        2.242463
MDMin:   78 11:58:32        2.483022        2.233756
MDMin:   79 11:58:32        2.436226        2.225292
MDMin:   80 11:58:32        2.391148        2.217072
MDMin:   81 11:58:32        2.347635        2.209092
MDMin:   82 11:58:32        2.305523        2.201349
MDMin:   83 11:58:32        2.264631        2.193836
MDMin:   84 11:58:32        2.224774        2.186547
MDMin:   85 11:58:32        2.185760        2.179472
MDMin:   86 11:58:32        2.147399        2.171630
MDMin:   87 11:58:32        2.109491        2.163612
MDMin:   88 11:58:32        2.071861        2.155778
MDMin:   89 11:58:32        2.034357        2.148116
MDMin:   90 11:58:32        1.996848        2.140614
MDMin:   91 11:58:32        1.959222        2.132540
MDMin:   92 11:58:32        1.921378        2.123916
MDMin:   93 11:58:32        1.883234        2.115428
MDMin:   94 11:58:32        1.844739        2.107070
MDMin:   95 11:58:32        1.805861        2.098836
MDMin:   96 11:58:32        1.766586        2.090723
MDMin:   97 11:58:32        1.726918        2.082043
MDMin:   98 11:58:32        1.686870        2.073197
MDMin:   99 11:58:32        1.646486        2.064477
MDMin:  100 11:58:32        1.605838        2.055885
       Step     Time          Energy          fmax
MDMin:    0 12:08:32    36745.214851   719091.369988
MDMin:    1 12:08:32     1887.644210      255.305353
MDMin:    2 12:08:32     1887.248724     7881.909293
MDMin:    3 12:08:32      654.151060     3832.164291
MDMin:    4 12:08:32      262.262212      325.841642
MDMin:    5 12:08:32      198.124442       69.352221
MDMin:    6 12:08:32      158.139211       37.359871
MDMin:    7 12:08:32      127.854749       23.029812
MDMin:    8 12:08:32      104.359777       15.633976
MDMin:    9 12:08:32       86.811088       11.116880
MDMin:   10 12:08:32       73.339853        7.830378
MDMin:   11 12:08:32       62.207726        5.972062
MDMin:   12 12:08:32       53.259006        4.790606
MDMin:   13 12:08:32       45.943290        4.037228
MDMin:   14 12:08:32       39.886072        3.563284
MDMin:   15 12:08:32       34.795753        3.217494
MDMin:   16 12:08:32       30.383671        2.746343
MDMin:   17 12:08:32       26.732236        2.484802
MDMin:   18 12:08:32       24.100846        2.416515
MDMin:   19 12:08:32       21.987265        2.402006
MDMin:   20 12:08:32       20.274338        2.406897
MDMin:   21 12:08:32       18.859592        2.419826
MDMin:   22 12:08:32       17.670182        2.436559
MDMin:   23 12:08:32       16.654436        2.454861
MDMin:   24 12:08:32       15.774608        2.473491
MDMin:   25 12:08:33       15.002545        2.492860
MDMin:   26 12:08:33       14.317255        2.512521
MDMin:   27 12:08:33       13.702626        2.532332
MDMin:   28 12:08:33       13.146211        2.552569
MDMin:   29 12:08:33       12.638359        2.573415
MDMin:   30 12:08:33       12.171488        2.594686
MDMin:   31 12:08:33       11.739549        2.615816
MDMin:   32 12:08:33       11.337716        2.633384
MDMin:   33 12:08:33       10.961846        2.642945
MDMin:   34 12:08:33       10.608258        2.643487
MDMin:   35 12:08:33       10.273890        2.637814
MDMin:   36 12:08:33        9.956415        2.629375
MDMin:   37 12:08:33        9.654116        2.620477
MDMin:   38 12:08:33        9.365690        2.612340
MDMin:   39 12:08:33        9.090100        2.604904
MDMin:   40 12:08:33        8.826423        2.597968
MDMin:   41 12:08:33        8.573827        2.592281
MDMin:   42 12:08:33        8.331648        2.587579
MDMin:   43 12:08:33        8.099270        2.583540
MDMin:   44 12:08:33        7.876118        2.579845
MDMin:   45 12:08:33        7.661647        2.575972
MDMin:   46 12:08:33        7.455330        2.570363
MDMin:   47 12:08:33        7.256572        2.562232
MDMin:   48 12:08:33        7.064786        2.553248
MDMin:   49 12:08:33        6.879566        2.543997
MDMin:   50 12:08:33        6.700584        2.534413
MDMin:   51 12:08:33        6.527533        2.523725
MDMin:   52 12:08:33        6.360077        2.512944
MDMin:   53 12:08:33        6.197971        2.502136
MDMin:   54 12:08:33        6.040987        2.491362
MDMin:   55 12:08:33        5.888913        2.480670
MDMin:   56 12:08:33        5.741549        2.470100
MDMin:   57 12:08:33        5.598706        2.459681
MDMin:   58 12:08:33        5.460204        2.449436
MDMin:   59 12:08:33        5.325872        2.439382
MDMin:   60 12:08:33        5.195541        2.429477
MDMin:   61 12:08:33        5.069050        2.419474
MDMin:   62 12:08:33        4.946226        2.409685
MDMin:   63 12:08:33        4.826917        2.400114
MDMin:   64 12:08:33        4.710973        2.390764
MDMin:   65 12:08:33        4.598245        2.381634
MDMin:   66 12:08:33        4.488582        2.372725
MDMin:   67 12:08:33        4.381830        2.364035
MDMin:   68 12:08:33        4.277828        2.355560
MDMin:   69 12:08:33        4.176408        2.347296
MDMin:   70 12:08:33        4.077385        2.339236
MDMin:   71 12:08:33        3.980555        2.331370
MDMin:   72 12:08:33        3.885687        2.323231
MDMin:   73 12:08:33        3.792496        2.314264
MDMin:   74 12:08:33        3.700627        2.305444
MDMin:   75 12:08:33        3.609707        2.295969
MDMin:   76 12:08:33        3.519255        2.285910
MDMin:   77 12:08:33        3.428701        2.275861
MDMin:   78 12:08:33        3.337395        2.265732
MDMin:   79 12:08:33        3.244578        2.255395
MDMin:   80 12:08:33        3.149428        2.244664
MDMin:   81 12:08:33        3.051194        2.233268
MDMin:   82 12:08:33        2.949579        2.220822
MDMin:   83 12:08:33        2.845479        2.206825
MDMin:   84 12:08:33        2.741843        2.190775
MDMin:   85 12:08:33        2.643299        2.172420
MDMin:   86 12:08:33        2.607810        2.151916
MDMin:   87 12:08:33        2.578495        2.130792
MDMin:   88 12:08:33        2.549942        2.108156
MDMin:   89 12:08:33        2.522046        2.084753
MDMin:   90 12:08:34        2.494687        2.061052
MDMin:   91 12:08:34        2.467730        2.037050
MDMin:   92 12:08:34        2.441035        2.001647
MDMin:   93 12:08:34        2.414314        1.968374
MDMin:   94 12:08:34        2.387456        1.931979
MDMin:   95 12:08:34        2.360290        1.890612
MDMin:   96 12:08:34        2.332617        1.856836
MDMin:   97 12:08:34        2.304433        1.822848
MDMin:   98 12:08:34        2.275634        1.787744
MDMin:   99 12:08:34        2.246112        1.745577
MDMin:  100 12:08:34        2.215667        1.696675
       Step     Time          Energy          fmax
MDMin:    0 12:55:31      363.925263      108.104121
MDMin:    1 12:55:32      297.646782       61.516316
MDMin:    2 12:55:32      242.433200       46.905511
MDMin:    3 12:55:32      201.415361       36.853110
MDMin:    4 12:55:32      169.006075       29.279286
MDMin:    5 12:55:32      142.912234        9.594622
MDMin:    6 12:55:32      135.488978        6.232464
MDMin:    7 12:55:32      126.840826       11.264184
MDMin:    8 12:55:32      115.228915       12.441961
MDMin:    9 12:55:32      101.873158       13.370406
MDMin:   10 12:55:32       96.222456       14.248793
MDMin:   11 12:55:32       83.393586       11.626836
MDMin:   12 12:55:32       72.836664        9.882529
MDMin:   13 12:55:32       63.651385        8.123203
MDMin:   14 12:55:32       55.456508        6.517007
MDMin:   15 12:55:32       48.160634        5.268855
MDMin:   16 12:55:32       41.854219        4.387609
MDMin:   17 12:55:32       36.604806        3.682997
MDMin:   18 12:55:32       32.241347        3.087978
MDMin:   19 12:55:32       28.571923        2.804375
MDMin:   20 12:55:32       25.672364        2.707406
MDMin:   21 12:55:32       23.428537        2.611132
MDMin:   22 12:55:32       21.611153        2.516449
MDMin:   23 12:55:32       20.087354        2.423825
MDMin:   24 12:55:32       18.775058        2.333619
MDMin:   25 12:55:32       17.621163        2.246106
MDMin:   26 12:55:32       16.590168        2.161487
MDMin:   27 12:55:32       15.657774        2.079905
MDMin:   28 12:55:32       14.807005        2.001450
MDMin:   29 12:55:32       14.025687        1.936810
MDMin:   30 12:55:32       13.308629        1.897712
MDMin:   31 12:55:32       12.655605        1.854706
MDMin:   32 12:55:32       12.056282        1.809226
MDMin:   33 12:55:32       11.502696        1.762383
MDMin:   34 12:55:32       10.988515        1.714950
MDMin:   35 12:55:32       10.508584        1.667412
MDMin:   36 12:55:32       10.058642        1.620045
MDMin:   37 12:55:32        9.635134        1.572997
MDMin:   38 12:55:32        9.235058        1.526346
MDMin:   39 12:55:32        8.855830        1.480144
MDMin:   40 12:55:32        8.495149        1.434437
MDMin:   41 12:55:32        8.150893        1.389285
MDMin:   42 12:55:32        7.821055        1.344767
MDMin:   43 12:55:32        7.503734        1.300987
MDMin:   44 12:55:32        7.197176        1.258076
MDMin:   45 12:55:32        6.899836        1.216191
MDMin:   46 12:55:32        6.610451        1.175517
MDMin:   47 12:55:32        6.328076        1.136256
MDMin:   48 12:55:32        6.052089        1.098621
MDMin:   49 12:55:32        5.782159        1.062823
MDMin:   50 12:55:32        5.518185        1.029062
MDMin:   51 12:55:32        5.260212        0.997523
       Step     Time          Energy          fmax
MDMin:    0 12:59:54      106.427709       39.450082
MDMin:    1 12:59:54       80.897946       22.397306
MDMin:    2 12:59:54       59.887923       14.073806
MDMin:    3 12:59:54       44.540880        9.075587
MDMin:    4 12:59:54       33.549328        6.251725
MDMin:    5 12:59:54       25.650431        4.577532
MDMin:    6 12:59:54       20.665730        3.453294
MDMin:    7 12:59:54       17.221522        3.026882
MDMin:    8 12:59:54       14.895340        2.740400
MDMin:    9 12:59:54       13.205067        2.536354
MDMin:   10 12:59:54       11.928662        2.382432
MDMin:   11 12:59:54       10.937630        2.260188
MDMin:   12 12:59:54       10.148738        2.158705
MDMin:   13 12:59:54        9.504215        2.071155
MDMin:   14 12:59:54        8.962990        1.993154
MDMin:   15 12:59:54        8.496123        1.921906
MDMin:   16 12:59:54        8.083481        1.855621
MDMin:   17 12:59:54        7.710935        1.793107
MDMin:   18 12:59:54        7.368277        1.733509
MDMin:   19 12:59:54        7.047931        1.676185
MDMin:   20 12:59:54        6.744240        1.620655
MDMin:   21 12:59:54        6.453063        1.566581
MDMin:   22 12:59:54        6.171504        1.513749
MDMin:   23 12:59:54        5.897664        1.462054
MDMin:   24 12:59:54        5.630402        1.411467
MDMin:   25 12:59:54        5.369115        1.362011
MDMin:   26 12:59:54        5.113561        1.313738
MDMin:   27 12:59:54        4.863750        1.266703
MDMin:   28 12:59:54        4.619880        1.220955
MDMin:   29 12:59:54        4.382284        1.176526
MDMin:   30 12:59:54        4.151389        1.133423
MDMin:   31 12:59:54        3.927644        1.091627
MDMin:   32 12:59:54        3.711444        1.051090
MDMin:   33 12:59:54        3.503059        1.011739
MDMin:   34 12:59:54        3.302576        0.973479
       Step     Time          Energy          fmax
MDMin:    0 13:08:48      449.290448      132.893759
MDMin:    1 13:08:48      368.012856       75.714842
MDMin:    2 13:08:48      300.233492       58.044305
MDMin:    3 13:08:48      249.931974       33.908178
MDMin:    4 13:08:48      241.472239       22.444666
MDMin:    5 13:08:48      237.094346       11.601059
MDMin:    6 13:08:48      228.866547       13.219623
MDMin:    7 13:08:48      209.343603       20.636637
MDMin:    8 13:08:48      187.814801       24.770441
MDMin:    9 13:08:48      166.764579       23.897435
MDMin:   10 13:08:48      152.907588       22.393696
MDMin:   11 13:08:48      131.796903       18.339623
MDMin:   12 13:08:48      115.286812       15.298926
MDMin:   13 13:08:48       99.913278       12.568211
MDMin:   14 13:08:48       86.406198       10.224783
MDMin:   15 13:08:48       74.569902        8.462363
MDMin:   16 13:08:48       64.468234        7.091422
MDMin:   17 13:08:48       55.972167        5.962349
MDMin:   18 13:08:48       48.825334        5.032755
MDMin:   19 13:08:48       42.818000        4.263339
MDMin:   20 13:08:48       37.769152        3.617551
MDMin:   21 13:08:48       33.509278        3.065903
MDMin:   22 13:08:48       29.881649        3.005425
MDMin:   23 13:08:48       27.162169        2.922923
MDMin:   24 13:08:48       25.011510        2.834827
MDMin:   25 13:08:48       23.243520        2.759668
MDMin:   26 13:08:48       21.751283        2.700326
MDMin:   27 13:08:48       20.467876        2.650377
MDMin:   28 13:08:48       19.348225        2.602674
MDMin:   29 13:08:48       18.360418        2.553680
MDMin:   30 13:08:48       17.481274        2.503306
MDMin:   31 13:08:48       16.693587        2.453169
MDMin:   32 13:08:48       15.984150        2.405094
MDMin:   33 13:08:48       15.342368        2.360302
MDMin:   34 13:08:48       14.759357        2.319210
MDMin:   35 13:08:48       14.227428        2.281573
MDMin:   36 13:08:49       13.739822        2.246747
MDMin:   37 13:08:49       13.290585        2.213939
MDMin:   38 13:08:49       12.874514        2.182373
MDMin:   39 13:08:49       12.487115        2.151374
MDMin:   40 13:08:49       12.124551        2.120405
MDMin:   41 13:08:49       11.783586        2.089058
MDMin:   42 13:08:49       11.461509        2.057042
MDMin:   43 13:08:49       11.156048        2.024158
MDMin:   44 13:08:49       10.865283        1.990281
MDMin:   45 13:08:49       10.587562        1.955343
MDMin:   46 13:08:49       10.321425        1.919329
MDMin:   47 13:08:49       10.065541        1.882265
MDMin:   48 13:08:49        9.818662        1.844221
MDMin:   49 13:08:49        9.579595        1.805307
MDMin:   50 13:08:49        9.347183        1.765678
MDMin:   51 13:08:49        9.120316        1.725523
MDMin:   52 13:08:49        8.897939        1.685069
MDMin:   53 13:08:49        8.679076        1.644565
MDMin:   54 13:08:49        8.462856        1.604275
MDMin:   55 13:08:49        8.248538        1.564463
MDMin:   56 13:08:49        8.035528        1.525377
MDMin:   57 13:08:49        7.823391        1.487236
MDMin:   58 13:08:49        7.611851        1.450222
MDMin:   59 13:08:49        7.400785        1.414471
MDMin:   60 13:08:49        7.190209        1.380078
MDMin:   61 13:08:49        6.980252        1.347098
MDMin:   62 13:08:49        6.771129        1.315556
MDMin:   63 13:08:49        6.563103        1.285462
MDMin:   64 13:08:49        6.356448        1.256814
MDMin:   65 13:08:49        6.151416        1.229615
MDMin:   66 13:08:49        5.948219        1.203874
MDMin:   67 13:08:49        5.747022        1.179617
MDMin:   68 13:08:49        5.547963        1.156889
MDMin:   69 13:08:49        5.351180        1.135752
MDMin:   70 13:08:49        5.156846        1.116291
MDMin:   71 13:08:49        4.965191        1.098601
MDMin:   72 13:08:49        4.776514        1.082789
MDMin:   73 13:08:49        4.591183        1.068967
MDMin:   74 13:08:49        4.409616        1.057243
MDMin:   75 13:08:49        4.232263        1.047718
MDMin:   76 13:08:49        4.059589        1.040477
MDMin:   77 13:08:49        3.892048        1.035585
MDMin:   78 13:08:49        3.730072        1.033079
MDMin:   79 13:08:49        3.574046        1.032961
MDMin:   80 13:08:49        3.424299        1.035197
MDMin:   81 13:08:49        3.281084        1.039715
MDMin:   82 13:08:49        3.144568        1.046404
MDMin:   83 13:08:49        3.014831        1.055116
MDMin:   84 13:08:49        2.891865        1.065671
MDMin:   85 13:08:49        2.839925        1.054794
MDMin:   86 13:08:49        2.788132        1.044219
MDMin:   87 13:08:49        2.736206        1.034232
MDMin:   88 13:08:49        2.684760        1.024769
MDMin:   89 13:08:49        2.634171        1.015784
MDMin:   90 13:08:49        2.584642        1.007240
MDMin:   91 13:08:49        2.536243        0.999106
MDMin:   92 13:08:49        2.488946        0.991353
MDMin:   93 13:08:49        2.442652        0.983957
MDMin:   94 13:08:49        2.397213        0.976892
MDMin:   95 13:08:49        2.352462        0.970135
MDMin:   96 13:08:49        2.308230        0.963660
MDMin:   97 13:08:49        2.264368        0.957444
MDMin:   98 13:08:49        2.220760        0.951464
MDMin:   99 13:08:49        2.177335        0.945697
MDMin:  100 13:08:49        2.134064        0.940124
